id,用户id,评论内容,评论时间,评分,点赞数,ip属地,景区名
179207588,292724645,同事之前来过，说私家车可以开进去的，结果这次不让，只能坐内部小交通。如果看见有私家车进入，工作人员会给你解释那是居住在这里守陵人的车。地方很大，虽然没有百分百开放，但却值得去，唯一缺点，确实应该允许开车进入，至少平日时应该允许。,2023-10-01,5.0,0,湖南,清东陵
180873378,58013430,挺不错的，可以开车到门口,2024-02-24,4.0,0,河北,清东陵
179943290,11856048,。。。。。。。。。。。。。。。。。。。。。。。。。。。。。。,2023-11-30,5.0,0,山东,清东陵
179375628,1729937,对历史文化感兴趣的伙伴还是值得来了解下的，跟清西陵一样花了200大洋在景区约了导游讲解，物有所值,2023-10-14,5.0,0,北京,清东陵
178486046,7658625,清东陵是我国现存最大的皇家陵园，交通便利,2023-08-19,5.0,0,海南,清东陵
179458526,40738956,单独找个导游费用有点略高，很多陵墓未开放，最想看的没看到，带孩子参观了清朝一步步如何走向灭亡！用眼见为实了解历史！,2023-10-21,4.0,0,江苏,清东陵
179883162,14477129,行！！！！！！！！！！！,2023-11-26,5.0,0,河北,清东陵
179540932,324377584,讲解清楚。特别有耐心,2023-10-26,5.0,0,北京,清东陵
179446830,57438153,非常值得一游，从牌坊进入龙脉一共十一华里，开始坐观光车只带到三个陵园，后来又租了部车，把剩下的都走完，走花观花也要从早上九点参观到下午三点。,2023-10-19,5.0,0,河北,清东陵
179237713,181913499,玩的很舒服，虽然是旺季但是没用那么多人，历史遗迹的气息很浓,2023-10-03,5.0,0,河北,清东陵
179716572,205656398,讲解员介绍的很棒,2023-11-08,5.0,0,山西,清东陵
179794632,108879304,很好很好很好,2023-11-15,5.0,0,河北,清东陵
178992679,251341472,可以领略清代帝王陵寝的宏伟壮观，感叹工匠的巧夺天工。,2023-09-16,5.0,0,河北,清东陵
177780011,61329476,清代的帝王陵墓确实选择的不一样，地理环境那真的好呀！,2023-07-28,5.0,0,河北,清东陵
178738960,20928016,清东陵位于河北省唐山市，清代帝王陵墓，占地面积大。,2023-08-31,5.0,0,北京,清东陵
178155201,273018664,"【景色】风景不错
【趣味】很好不错
【性价比】不高",2023-08-05,5.0,0,河北,清东陵
174884130,196837749,清东陵属全国重点文物保护单位，是中国最后一个王朝首要的帝王后妃陵墓群，也是中国现存规模最大、体系最完整的古帝陵建筑，共建有皇陵五座—顺治帝的孝陵、康熙帝的景陵、乾隆帝的裕陵、咸丰帝的定陵、同治帝的惠陵，以及东（慈安）、西（慈禧）太后等后陵四座、妃园五座、公主陵一座，计埋葬14个皇后和136个妃嫔。,2023-02-11,5.0,4,江苏,清东陵
177815965,259698627,体验盛世王朝的恢弘大气，保护的相当好,2023-07-30,5.0,0,河北,清东陵
178595243,174381108,大型皇家陵寝，风景秀丽，规模庞大。,2023-08-26,5.0,0,河北,清东陵
178493553,335919350,值得来看看，了解大清朝帝王陵寝。,2023-08-19,5.0,0,天津,清东陵
171929093,39511604,清东陵，康熙帝陵，因为是旅行社安排的最后一处，最近几天太热了，加之康熙地宫没有开放，很多人都不会过来，所以人比较少。沿途很晒，因为是偏早期帝陵，所以相对而言，普普，尤其是看过乾隆地宫后，感觉，嗯，更加的…,2022-08-04,4.0,0,河北,清东陵
175570745,207739201,地方真的太大了……参观八个小时，还差咸丰帝陵和乾隆帝陵神道没能看，顺治帝陵在维修中，其他的各个景点基本上都去了。最美的是乾隆地宫和总神道，门票总体还是偏贵,2023-04-20,5.0,0,江西,清东陵
175638342,61329476,历史的发展历史的长河奔腾而过，在这里领略大自然构造的神奇魅力，努力吧,2023-04-27,5.0,0,河北,清东陵
177498408,217731884,确实优美的风景名胜古迹，让人们不禁想到，帝王陵墓的风景就是不一样啊,2023-07-07,5.0,0,河北,清东陵
174818136,177768055,还不错，虽然有的陵墓没开，但还是可以了解了解清朝历史。乾隆爷的陵寝最壮观，冬天比较冷，里面人不错，可以开车也可以坐景区的车进去,2023-02-04,5.0,1,辽宁,清东陵
175428856,217731884,这里有绝对美妙的自然环境，大自然的秘密就在这片土地里，努力去奋斗,2023-04-07,5.0,0,河北,清东陵
172275245,745456,清东陵位于河北省唐山遵化市，距离北京有125公里，是小假期的好去处。清东陵有清帝王的15座陵寝，从1661开始兴建，到1908年，建造用了247年，最后的陵墓是慈禧皇太后。很值得游览！,2022-08-22,5.0,0,辽宁,清东陵
174827977,90900318,这里是清朝皇帝和皇后妃子的陵寝，樟市着一代王朝的兴盛与衰落,2023-02-05,5.0,0,河北,清东陵
175371245,216603196,位于河北遵化这里葬有清朝的五位皇帝,2023-04-01,5.0,1,四川,清东陵
175340203,27081795,可以了解历史，学习历史知识，性价比很高，工作人员态度好,2023-03-29,5.0,0,北京,清东陵
175996940,20928016,清东陵位于河北省唐山市遵化，清代皇家陵墓，规模宏大。,2023-05-31,5.0,0,北京,清东陵
175737245,273018664,"【景色】不错很好
【趣味】很好很好
【性价比】不错很好",2023-05-04,5.0,0,河北,清东陵
175272144,2894289,很值得去参观的历史文化遗产，棒,2023-03-23,5.0,1,四川,清东陵
176700057,120999343,位于唐山市遵化区，只有懂得历史人文的人才会有兴趣,2023-06-23,5.0,0,天津,清东陵
174698506,273018664,"【景色】不错不错
【趣味】很好看
【性价比】不错不错",2023-01-25,5.0,0,陕西,清东陵
174958484,174381108,古人智慧的结晶，依山傍水，景色优美，建筑宏大。,2023-02-20,5.0,0,河北,清东陵
174812611,20928016,清东陵位于河北省唐山市遵化，清代皇家陵墓。,2023-02-04,5.0,0,北京,清东陵
177538759,230346104,很好玩儿的地方，有机会再去一次。很好玩儿,2023-07-10,5.0,0,河北,清东陵
175051411,85058233,美丽的地方美丽的风景各式各样美景值得拥有,2023-02-28,5.0,0,河北,清东陵
173539027,4769272,皇家陵园，气势磅礴，风水宝地，龙脉所在,2022-11-08,5.0,0,河北,清东陵
173108414,273018664,"不错不错
【趣味】够狠
【性价比】不错不错",2022-10-13,5.0,0,河北,清东陵
172167796,50299800,很棒的，很有历史感觉，有时间去游玩！！,2022-08-16,5.0,0,辽宁,清东陵
172166734,230346104,没啥意思，一些陵墓而已。讲解了解历史。,2022-08-16,5.0,0,河北,清东陵
171859731,85058233,历史文化底蕴很深，雄伟壮观，中国的骄傲,2022-07-31,5.0,0,河北,清东陵
171775862,4769272,皇家陵园，气势磅礴，雄伟壮观，风水宝地,2022-07-27,5.0,0,河北,清东陵
172576086,344102253,非常不错 值回票价 地宫非常凉 神秘 👍,2022-09-09,5.0,0,吉林,清东陵
172270100,25765143,还是值得一去的景点之一了 性价比可以,2022-08-22,5.0,0,北京,清东陵
171950548,17524332,历史文化遗迹，可以参观一下，还不错,2022-08-05,5.0,0,北京,清东陵
172865098,17175735,景色优美！清朝皇帝皇妃陵墓！😃,2022-09-29,5.0,0,广东,清东陵
174401539,17175735,面积很大，环境不错，清朝皇陵。,2022-12-30,5.0,0,广东,清东陵
173506936,85058233,中国特色的文化遗产，祖国的骄傲,2022-11-06,5.0,0,河北,清东陵
173431779,154254189,皇家陵园，规模宏大，气势恢宏。,2022-11-02,5.0,0,北京,清东陵
172676909,170371950,山环水抱，藏风聚气，宁静谧然！,2022-09-16,5.0,0,河北,清东陵
171856228,154254189,皇家陵园，雄伟壮观，气势恢宏。,2022-07-31,5.0,0,北京,清东陵
174806125,149565566,去过很多次了，每次都能增长见识,2023-02-03,4.0,0,河北,清东陵
177528192,82427957,游客服务中心网络售票窗口服务人员业务不熟练，不给网上买的成人票取票，戏耍游客到其他窗口取票，窗口取票混乱不堪,2023-07-09,4.0,0,北京,清东陵
172610521,2038821,"清东陵是中国保存最为完好的帝王陵墓建筑群, 其是清朝的皇家陵园之一，位于河北省遵化市西北部的昌瑞山下，在这里共建有15座陵寝。",2022-09-11,4.0,1,江苏,清东陵
175291618,388438207,非常好，夏天时候会很棒,2023-03-25,5.0,0,山东,清东陵
173293242,61329476,周边精美的环境确实是值得去参观欣赏的，磅礴大气的发展确实不一样,2022-10-25,5.0,0,河北,清东陵
171714437,61329476,确实是一个非常好的地方，人静帝景的地方总有些地方是特别的感觉！,2022-07-24,5.0,0,河北,清东陵
175223182,494098378,喜欢历史必须得去,2023-03-18,4.0,0,北京,清东陵
173482455,149037333,"【景色】
【趣味】
【性价比】性价比偏低",2022-11-05,5.0,1,山东,清东陵
177686411,232176858,挺震撼的，推荐,2023-07-21,5.0,0,山东,清东陵
172762642,2894289,气势恢宏的皇家陵园，很震撼！值得去,2022-09-22,5.0,1,北京,清东陵
175502622,3696316,不错的体验。,2023-04-14,5.0,0,北京,清东陵
177254260,41234662,整体来说景区有些破败了，乾隆地宫还不错，结构外观毅然完整。太后地宫其次。其它的看不看均可。,2023-06-28,3.0,0,河北,清东陵
175304181,239238984,不错的体验,2023-03-26,5.0,0,河北,清东陵
174591295,26223583,大清王朝皇帝的葬身之地，但是都被盗了，令人愤慨！！,2023-01-14,5.0,0,吉林,清东陵
171883938,39511604,门票非要捆绑旅游车，明明用不到的呀，感觉很是郁闷，不买都不行，感觉很是不合理，如果是自驾进入，旅行车是完全用不到的，希望以后能改进。,2022-08-02,3.0,1,河北,清东陵
177693174,65677045,景区很大，能下到地宫，建议请讲解，先坐景区车，然后一个陵墓一个陵墓的转,2023-07-22,5.0,0,北京,清东陵
171766331,20928016,清东陵位于河北省唐山市遵化市西北30公里处，占地80平方公里。有大小15座陵园。是国家AAAAA级景区。,2022-07-27,5.0,0,北京,清东陵
175797172,23863604,换票很方便，比现场购买便宜一点点。景区很大，观光车非常有必要。,2023-05-10,5.0,0,北京,清东陵
174714141,61329476,确实是一个非常有特色的地方，环境超级好，主要在于大自然的馈赠！,2023-01-27,4.0,0,河北,清东陵
174134601,27081795,挺好的古代皇帝黄陵，地势开阔，景区干净整洁，环境都很好,2022-12-14,5.0,2,北京,清东陵
175213527,50174508,这是一个不错的地方.大家以后可以一起玩枫品尝一下的呀,2023-03-17,4.0,0,天津,清东陵
173336728,20928016,清东陵位于河北省唐山市遵化市西北，顺治18年开始修建，是中国现存规模最宏大的帝王陵墓建筑群。,2022-10-27,5.0,0,北京,清东陵
176521375,23223435,值得去一趟，了解历史。,2023-06-21,5.0,1,辽宁,清东陵
172262153,190600184,所有的陵寝都在风水墙内，但孝庄就在墙外面。所以…后来有很多传说。其实是孝庄是不想在去东北皇太极那了。毕竟在关内住几十年了，还是葬关内吧。,2022-08-21,4.0,1,安徽,清东陵
174729587,68275963,现场换票很快，到冀东旅游，值得推荐,2023-01-28,5.0,0,北京,清东陵
175304636,47585933,清朝重要的皇帝都葬于此，值得一来,2023-03-26,5.0,0,河北,清东陵
172635619,27081795,很多历史遗迹，能看到皇帝陵墓可以了解当时皇帝墓葬情况，地方挺大，风景优美,2022-09-13,5.0,0,北京,清东陵
177283450,3615625,很有历史意义的地方，值得去看看,2023-06-29,4.0,0,河北,清东陵
175330833,3615625,一段历史的见证，很值得去看看啊,2023-03-28,4.0,0,河北,清东陵
175713290,41518121,去了就是看看建筑群，其他的也没什么了。,2023-05-03,5.0,0,河北,清东陵
174871211,4769272,皇家陵园，庄重肃穆，风水宝地，龙脉所在,2023-02-10,5.0,0,河北,清东陵
175794748,555385,作为景点可看的内容有点少。 开放的三个地宫都已经被盗过。另外两个没有地宫可以看看外部建筑。 可以自驾进入，每个陵墓前都有收费停车场。或者在景区游客中心换乘中吧。 门票是包含中巴车费。相对还是自驾方便些。,2023-05-10,3.0,0,北京,清东陵
175357826,4785554,清东陵是清朝帝妃陵，位于唐山市遵化。,2023-03-31,5.0,0,河北,清东陵
176319381,220303918,很不错的景点环境服务都不错五分好评,2023-06-17,5.0,0,河北,清东陵
174829617,149037333,"雄伟壮观
【景色】
【趣味】
【性价比】",2023-02-06,5.0,0,山东,清东陵
176792706,2894289,保护的很好，很有历史价格的地方,2023-06-24,5.0,0,北京,清东陵
175677067,8285238,威严壮观，位置不错，值得一去。,2023-05-01,5.0,0,山东,清东陵
175215604,17524332,很大的一个陵墓，感觉阴气森森的,2023-03-18,5.0,0,北京,清东陵
174810303,154254189,皇家陵园，规模宏大，蔚为壮观。,2023-02-04,5.0,0,北京,清东陵
174727634,8285238,非常壮观，值得一去，挺不错的。,2023-01-28,5.0,0,山东,清东陵
175844955,225542639,讲解特别清晰，很热情，对历史有了更多的了解，很震撼，对古人有了更多的敬畏,2023-05-15,5.0,0,天津,清东陵
174954035,364544084,感受了大清朝各位皇帝皇后太后的大起大落，挺胖人感慨的,2023-02-19,5.0,1,天津,清东陵
180772156,64398370,景陵只能看到隆恩殿，后面没开放，透着门缝能看到石五供，相比裕陵40元门票，景陵30元贵了。司马神道不包含在门票之内，不用买门票，外面看一看就可以了，还有一点，景陵停车场20元一次,2024-02-17,4.0,0,天津,清东陵
180132302,24352002,利用周末去了盼望已久的清东陵。清朝12位皇帝。努尔哈赤葬在福临今沈阳东陵，皇太极葬在今沈阳昭临，努尔哈赤的祖父和父亲葬在抚顺永陵，这三座陵墓统称为关外三陵。清东陵由福临（顺治）所建，以后这里埋葬了顺治（孝陵），康熙（景陵），乾隆（裕陵），咸丰（定陵），同治（惠陵）五位皇帝以及15位皇后，100多个妃子，3个皇子，2个公主，共计157人。清东陵的神道就足足6000多米，石像生更是我见过最多的，通过金水桥才能到达帝陵。顺治帝是满族人，所以按照满族殡葬礼仪他是火葬的。清东陵最大的看点就是乾隆和慈禧的陵墓，可谓极尽奢华。乾隆裕陵充分展示了当时国家强生，国运亨通，祭拜的大殿用的都是金丝楠木表面涂防腐漆加鎏金花纹，棚顶绘有五福捧寿之图案，尽显帝王之威。由于乾隆时期酷爱藏传佛教，建造陵墓时设有4对石门，每对石门都雕刻有佛造像，整个陵墓的墙面和棚顶均刻有藏经文为其超度，佛造像雕刻之精美，经文苍劲有力实为罕见，堪称雕刻艺术之宝库！但遗憾的是这么精美绝伦的陵墓在1928年被孙殿英盗取，只留下了6具分不清是谁乾隆还是5位皇后，皇贵妃的白骨，真是可悲可叹！,2023-12-20,5.0,3,上海,清东陵
180788671,23227170,"大年初五·清东陵·一笔带过

第二天一早往东北去，清东陵开放的就仨：定东陵（慈禧）、裕陵（乾隆）和景陵（康熙）。
正（省）确（事）的自驾游览路线应该是介样滴：把车开到定东陵东侧的停车场，下来嚯嚯老佛爷，隆恩殿柱子上的龙须子不知道被谁给掰断了。
参观完定东陵出门左转就是暂（一直）不开放的裕陵妃园寝，里面有传说中的香妃墓，很多具有偷窥癖好的游客都透着门缝往里瞅^_^
再往东走个两三百米就到裕陵了，乾隆地宫内的石雕相当精美，可以多看看。
参观完裕陵还想去景陵的话就得开车往东到景陵停车场，下车就是景陵的神道，我们着急吃午饭就没去看^_^
总的来说，景区维护得很一般，有点惨……北京城墙：“你说啥？有我惨么？我这都无了啊……”^_^",2024-02-18,4.0,0,北京,清东陵
180754331,232532848,性价比还行，只是园区太多没有开发的景点，而且管理不是很严格，有些游客由地方村名带路可以偷偷开车进景区，讲解员很认真，希望以后开发完成,2024-02-16,4.0,0,江西,清东陵
178768603,321764643,"纯妃墓在修，没看到如懿墓，只能看到香妃，乾陵，慈禧的地宫以及景陵的地上部分。景区安排还算合理，最后看乾隆地宫，最好的当然最后看，循序渐进。电瓶车到达定东陵之前非停在一个展厅处，需另外交30元。没选择，展厅会额外介绍孝庄太后墓的位置，守灵村，总体介绍等，可私下自己学习。
路线中经过附近的村庄，好的果子，有趣。

电瓶车30元，三趟还是",2023-09-03,5.0,0,河北,清东陵
180857470,50543935,历史文化遗产，历史文化底蕴厚重，园区很大，值得好好欣赏，秋季再来！,2024-02-22,5.0,0,河北,清东陵
180848435,350960715,地方小了一点,2024-02-20,4.0,0,河北,清东陵
179945956,1106570,如果是自驾的，其实不用买那个交通券，陵区只要绕一下，普通车辆是可以进去的（因为陵区里面还有村庄）。陵区设计非常不合理，游客中心去陵墓需要坐10分钟摆渡车去到慈禧陵中转站（这个站作用一看四个陵墓，二换乘车辆去景陵），陵墓之间基本不用坐摆渡车，说白了就是要收钱而已。已开放的陵墓就是景陵远一些需要坐车，其他几个开放的陵墓都是需要步行，没有交通车可坐。,2023-11-30,3.0,0,北京,清东陵
178204531,79128355,清东陵非常大，景交车开进去都要15分钟。清东陵也非常小，但座陵墓参观也就半小时，也只有乾隆慈禧的陵墓是建筑保存完好且打开过地宫的。中间的神道非常气派但是景交车不停也没机会去拍照。就这样130元的门票性价比是挺低的，不是热爱历史的人不建议来。,2023-08-08,4.0,1,河北,清东陵
178102843,541393869,头次来遵化，清东陵景色非常美丽，景区很大，值得慢慢溜达，预计四个小时左右，唯一遗憾就是连续降雨，香妃墓地宫没有开放。,2023-08-02,5.0,0,河北,清东陵
179796861,7029785,气势恢宏，能感觉到皇家的威严。带上讲解更好了解历史。,2023-11-16,4.0,0,河北,清东陵
180642202,214084685,不错不错不错不错不错不错不错不错不错不错不错,2024-02-06,5.0,0,北京,清东陵
180499790,60063541,是我感兴趣的东西,2024-01-24,5.0,0,广西,清东陵
180726528,40599484,值得一去，推荐,2024-02-13,5.0,0,河北,清东陵
180499780,60063541,。。。。。,2024-01-24,5.0,0,广西,清东陵
180499749,60063541,满意。。。,2024-01-24,5.0,0,广西,清东陵
180499756,60063541,很不错。。,2024-01-24,5.0,0,广西,清东陵
179708487,75501211,景色肯定没问题，服务极差，标识不清，开放的景点不多，副线观光车根本就没有，只能在景区再花钱雇电动三蹦子，不建议自由行，自驾还可以,2023-11-07,3.0,0,河北,清东陵
175993439,1358361,清东陵是我国现存规模最为宏大、体系最为完整、布局最为得体的清代皇家陵寝建筑群。陵区以昌瑞山为界，以北称“后龙”，是龙脉来源；这里长眠着161位清朝帝、后、妃及皇子公主们：有入关第一帝清世祖顺治；功勋卓著、年少有为的清圣祖康熙；文治武功、寿命最长的乾隆；杰出的女政治家、辅佐两位皇帝的孝庄文皇后（庄妃）；内忧外患的清文宗咸丰；短暂人生的清穆宗同治；掌权达48年之久的慈禧太后；还有给人以扑朔迷离之感的香妃等。清东陵被联合国世界遗产专家称为“人类具有创造性的天才杰作”，是国家5A级旅游景区。,2023-05-30,4.0,16,四川,清东陵
179994760,38808068,"清东陵建设和配套很差。维护的不好。
大家如果自驾。可以直接导航到乾隆龄那。不需要到游客中心花观光车的钱",2023-12-04,5.0,0,北京,清东陵
178206345,17524332,古代皇室的陵墓，很大很震撼～～,2023-08-09,5.0,0,北京,清东陵
178101847,8285238,雄伟壮观，气势磅礴，值得一去。,2023-08-02,5.0,0,山东,清东陵
179429555,248273701,慈禧的墓没啥看头，但是乾隆的墓有浮雕，还是值得一看的。,2023-10-17,5.0,0,北京,清东陵
179249728,228517843,景区很大，得玩儿5-6个小时，30块的表演不建议看，耽误一个小时,2023-10-04,5.0,0,河北,清东陵
178981379,33508205,好好好好好好好好好很方便也很快捷，不错，很满意，好好好好好好好,2023-09-15,5.0,0,陕西,清东陵
179377529,168049604,票价实惠好用，值得购买！值得推荐一下给大家。活动多多希望商家,2023-10-15,5.0,0,云南,清东陵
178158492,109767998,大，大，大，实在是太大了，陵墓规模绝对是大,2023-08-06,5.0,0,江苏,清东陵
178337774,314718260,这里不只有皇宫的陵墓，还有历史文化和宝藏,2023-08-17,4.0,0,河北,清东陵
178289129,340128062,可以去看一看，毕竟清朝是陵墓嘛,2023-08-14,4.0,0,湖北,清东陵
179365940,5596377,可以自己直接开车到慈禧陵,2023-10-13,5.0,0,北京,清东陵
179371061,90986204,很不错的酒店值得一去,2023-10-14,5.0,0,内蒙古,清东陵
179353216,3329123,带着孩子学习清朝历史,2023-10-11,5.0,0,天津,清东陵
178398715,279370594,总体来说还是值得一去,2023-08-18,5.0,0,黑龙江,清东陵
179216648,188416129,不错不错，景色不错,2023-10-02,5.0,0,河北,清东陵
178508848,3727488,开放了裕妃陵、定东陵、还有乾隆的陵墓，还是推荐乾隆的陵墓，重点看看壁上的文字，佛像啥的。陵墓里主要就是玻璃罩起来的棺椁，地宫里很潮湿阴冷，外面又特别湿热，这个季节还是很难受的。,2023-08-20,3.0,0,天津,清东陵
179283968,45290041,值得去实地看看,2023-10-07,5.0,0,江苏,清东陵
174272277,2894289,满眼皆是沉淀淀的历史，特别好。,2022-12-22,5.0,1,河北,清东陵
171682283,244188085,不错。。。。。。。。。。。。。,2022-07-22,5.0,1,天津,清东陵
172951595,217731884,这里的自然环境优美确实值得期待，有时间多来看看吧,2022-10-04,5.0,0,河北,清东陵
173434089,90900318,皇家建筑群，历史的沉淀和传承，把威严展露无遗,2022-11-02,5.0,0,河北,清东陵
171822045,390583,非常好的地方，历史悠久，非常值得看一看！,2022-07-29,5.0,0,北京,清东陵
174171723,17524332,很有名的一个陵墓，看看附近的景色还不错,2022-12-16,5.0,0,北京,清东陵
179260515,394017638,景区管理不好，18岁别的景区可以买半价票，这里为了多收钱只允许买全价票，为了钱不顾国家规定,2023-10-05,1.0,0,河北,清东陵
174394218,76402552,停车方便。,2022-12-29,5.0,0,海南,清东陵
172354171,2922635,不错的选择,2022-08-26,5.0,0,天津,清东陵
175388528,121338220,白瞎这么好的历史遗产，景区办的太差,2023-04-03,3.0,0,河北,清东陵
176325777,160241391,蛮值得一看,2023-06-18,4.0,0,北京,清东陵
174719736,1364865,管理混乱，多数不开放，本地人可以随意带人进入。很多施工的地方，票价却不变。,2023-01-27,3.0,0,河北,清东陵
172493251,149565566,去过好几次了，学习历史文化的好去处,2022-09-03,4.0,0,河北,清东陵
175682900,182386105,携程定票不能直接入园，需到几百米外的农家院里去换票，真麻烦。,2023-05-01,3.0,0,北京,清东陵
174558544,63709224,清东陵很大，各个地方要坐陵园里的车，建议找个导游讲讲，要不然也不知道历史，逛两个就没什么意思了。,2023-01-11,4.0,0,江苏,清东陵
172944376,18590255,清东陵，清朝部分皇帝皇后妃子的陵园，景色优美，很有历史意义，值得一看，但是服务费配套差的太远了,2022-10-03,4.0,0,河北,清东陵
174818744,3792382,携程买票比较方便，不用在切换别的软件购买，如果价格更优惠一点就更好了,2023-02-05,4.0,0,重庆,清东陵
179550323,205846873,说15分钟一趟车，去的时候等了30分钟，还不开车，差评,2023-10-27,2.0,0,天津,清东陵
177405022,199402133,携程操作都很方便，唯一不方便就是还要换票。,2023-07-03,4.0,0,天津,清东陵
174499396,217731884,优美的环境确实是这里最重要的特色，帝王们选择在这里安家落户就是这样不简单,2023-01-05,4.0,0,河北,清东陵
175767105,195622115,有些景点没开放。,2023-05-07,4.0,0,辽宁,清东陵
172104692,154293439,非常值得看看。多放几块指示牌多好，省得找不到，老问人。,2022-08-13,5.0,0,河北,清东陵
179146260,72401199,很好，值得一去,2023-09-28,5.0,0,云南,清东陵
178494218,34546555,孩子喜欢就行！,2023-08-19,5.0,0,宁夏,清东陵
179157458,400245554,非常非常好,2023-09-29,5.0,0,河北,清东陵
175026562,84343235,"东陵很大，清代五帝的陵寝也很奢华。可能现在是淡季，景区人不多。如果是旺季，青山叠翠碧湖粼粼，景色应该更美。
景区的工作人员服务也很到位，整体评价五颗星。",2023-02-26,5.0,0,天津,清东陵
174886149,366096918,清东陵入口处的文物保护碑清东陵坐落在河北省唐山市的遵化市境，西距北京市区125公里，据说是顺治到此打猎时选定的，康熙2年（1663年）开始修建。,2023-02-12,5.0,0,江苏,清东陵
171833540,149037333,清代的黄陵，不建议带孩子去，不吉利。大人建议去看看，对了解历史有很大的帮助。景区很大，第一站有个守灵人家，50块钱门票，千万不要去，坑人的。,2022-07-30,5.0,6,河北,清东陵
176254089,25655118,景区很大 可玩性很高 景区里面自驾更方便 不用从游客中心乘电瓶车,2023-06-15,5.0,1,北京,清东陵
174865751,13539839,还是很不错的，人不多，车放在停车场，坐观光车，半天可以逛完。,2023-02-09,5.0,0,北京,清东陵
175159713,2460074,去了清东陵才知道原来乾隆哥是纯皇帝。,2023-03-12,4.0,0,河南,清东陵
172154201,23006481,清东陵是历史上著名的皇家陵寝。地理位置在河北遵化市，交通可以考虑自驾游。修建时间长，历史悠久，是目前我国现存规模宏大，体系较为完整，布局得体的陵墓建筑群。,2022-08-16,5.0,1,山东,清东陵
175848425,270068599,帝国的黄昏,2023-05-15,5.0,0,山西,清东陵
173184108,481210,可能因为疫情原因，没有旅行团的嘈杂，人非常少。天气也很好，园区非常大，从门口到陵墓群坐车估计都快半个小时了，皇家墓园真是大手笔啊。,2022-10-18,5.0,0,上海,清东陵
175690166,252997198,"玩的还不错，就是不值得这个票价。携程上必须买带观光车票的，网页提示得去景区对面的友客之家(一农家乐)取票，跑去了，又让电话工作人员，一问，得回景区的服务中心取票，问为啥页面又说得去友客之家呢，人回答，不是说让提前半小时电话嘛。直接页面写明白不好吗，非耍着人跑来跑去
换好票，门票和观光车票是分开的两张，奇葩的又来了，全程观光车就没查票的，随便坐。景区还看到很多私家车，看装备和着装，肯定不全是工作人员的",2023-05-01,5.0,0,天津,清东陵
172518304,18971716,在唐山遵化的清东陵，也是世界文化遗产名录,2022-09-05,5.0,0,上海,清东陵
174910396,884302,清东陵于1661年（顺治十八年）开始修建，历时247年，陆续建成217座宫殿牌楼，组成大小15座陵园。陵区南北长12.5公里、宽20公里，埋葬着5位皇帝、15位皇后、136位妃嫔、3位阿哥、2位公主共161人,2023-02-14,1.0,1,河南,清东陵
171670815,4686436,很著名，但特意旅游而去似乎不必。,2022-07-21,2.0,0,天津,清东陵
171724913,321950602,别坐黑出租，几分钟就要50元。,2022-07-24,3.0,0,未知,清东陵
175578781,246884335,交通不方便，从遵化市区过去，只有下午1点多出发的公交车，返程只有早上8点和下午1点的。这是让遵化市的游客都骑车或步行去么,2023-04-21,1.0,0,河北,清东陵
175683394,26923053,服务漏洞摆出，明明私家车可以开到门口，买票时候并没有说明。。。。等大巴车时候秩序很乱，随便加三的有提出疑问的说人家等了很久，但是大家都在排队，标识不清楚好几个队。。。但是大巴车就一个口上。。有扫码有纸质票，没有标识一堆人都在乱排。。。上车时也是一堆人挤着上。。。上车开到一半后发现其实里边很多私家车都能开进去，导游说是小路没地停。。。但是到下大巴车的地方好大停车场并且不止一个。。。。服务好差。。态度也不好。。。如果接纳不了那么多人为什么不实行预约制。。。如果可以接纳安全隐患好多。,2023-05-01,2.0,1,天津,清东陵
173050417,217731884,总体建设的还不错，利用矿资源优势转化成为休闲活动场所，努力💪,2022-10-10,5.0,0,河北,开滦国家矿山公园
175291619,388438207,景点很有特色,2023-03-25,5.0,0,山东,开滦国家矿山公园
172446778,230346104,很不错，很喜欢，这里孩子觉得这里很有意义，很有教育你,2022-08-31,5.0,0,河北,开滦国家矿山公园
173108439,273018664,"【景色】很好很好
【趣味】不错不错
【性价比】很好很好",2022-10-13,5.0,0,河北,开滦国家矿山公园
174031287,22756426,疫情时间去的，基本没啥人。门票风三部分，个人感觉还是买联票吧，地下部分可以看看，了解一下矿工们的采煤过程。和采煤的历史进程。,2022-12-08,4.0,0,浙江,开滦国家矿山公园
172457998,256789697,景区分三部分，携程网预订的成人联票131元比现场购票优惠4元（老人小孩学生票等只能现场购票69元），参观顺序以博物馆、地下矿井、中国铁路源头为佳，个人感觉铁路源头博物馆知识性较强最有看头，地下矿井为改建及仿制，趣味性一般但身临其境体验井下工作环境别具特色，步行下井坐小火车升井。停车场即景区入口很方便，收费每小时2元。总之比较值得一看的景点。,2022-09-01,4.0,0,河北,开滦国家矿山公园
173640840,85058233,值得拥有的地方有意义有历史文化底蕴很好,2022-11-14,5.0,0,河北,开滦国家矿山公园
173760674,154254189,还很不错的地方，大家有机会可以来看看,2022-11-22,5.0,0,北京,开滦国家矿山公园
172390409,344102253,挺不错的 偏僻人少 可以可以 加油💪……,2022-08-28,5.0,0,吉林,开滦国家矿山公园
178552121,63197832,票价有点高,2023-08-23,5.0,0,湖北,开滦国家矿山公园
175032792,196837749,始建于1878年的开滦煤矿，堪称中国煤炭工业的活化石，在跨越三个世纪发展历程中，留下了许多极具典型性、稀有性的历史文化和矿业遗存。,2023-02-27,5.0,2,江苏,开滦国家矿山公园
175247518,49625531,整体很不错的，人少主要是底下的矿底探秘很有趣的这个好评哈哈哈，没有去过的值得体验一下是当年原始的煤炭矿井，就是价格有点贵了，不过人不多体验不错,2023-03-21,5.0,1,北京,开滦国家矿山公园
175455744,61577913,带着好奇心买了展馆+矿道的票，那天正赶上下雨，看展的有几个人，但下矿道的只我一人，刚开始有点怕，但走走就好了，因为时不时会出现几个“矿工”陪伴。,2023-04-09,5.0,0,北京,开滦国家矿山公园
179159159,10476113,了解一下历史,2023-09-30,4.0,0,陕西,开滦国家矿山公园
175248965,227769154,一是在唐山矿A区建设“中国北方近代工业博览园”，二是在原唐山矿储煤场旧址建成“老唐山风情小镇”，两大景区由矿用自备铁路连接，形成一个完整的旅游园区。,2023-03-21,5.0,0,山西,开滦国家矿山公园
176578298,14113093,"门票，大可不必在携程买。除了价格和现场购买，没差别以外。在现场兑换票，还得强调是在海棠树购买的。而海棠树的折扣价格，并没有给到携程用户。
景区不大，但是值得仔细逛。地上三层是展览，地下部分有些互动性。单独收费的4D电影，没去看。小矿车挺好玩",2023-06-21,5.0,0,河北,开滦国家矿山公园
175810111,20928016,开滦国家矿山公园位于河北省，是在旧矿山的基础上建造的，环境优美，空气清新。,2023-05-12,5.0,0,北京,开滦国家矿山公园
175507855,217731884,环境的变化确实值得我们去努力争取，把一座矿山遗址改造成这样子很优秀呀,2023-04-14,5.0,0,河北,开滦国家矿山公园
174856820,20928016,开滦国家矿山公园位于河北省，景色优美，空气清新，植被种类很多。,2023-02-09,5.0,0,北京,开滦国家矿山公园
177672107,217731884,原有的矿区改造项目建设的很好，成了地址公园，利用的不错,2023-07-20,5.0,0,河北,开滦国家矿山公园
177592192,120999343,历史的烙印，永远铭记于心，让人深思,2023-07-14,5.0,1,天津,开滦国家矿山公园
176029149,273018664,"【景色】不错不错
【趣味】很好很好
【性价比】不错不错",2023-06-02,5.0,0,山东,开滦国家矿山公园
175018773,273018664,"【趣味】不错不错
【景色】很好很好
【性价比】不错不错",2023-02-25,5.0,0,河北,开滦国家矿山公园
177508935,17524332,开滦矿山公园很有意思，里边有几辆火车，适合孩子玩,2023-07-08,5.0,0,北京,开滦国家矿山公园
175510390,85058233,美丽的地方，m文化悠远悠长，欢迎大家来到这个参观,2023-04-14,5.0,0,河北,开滦国家矿山公园
175411282,17524332,特别有意思的一个矿山公园，可以下到地下看煤矿,2023-04-05,5.0,0,北京,开滦国家矿山公园
176192487,193644481,开滦国家矿山公园，依托矿山开发的旅游景点,2023-06-09,5.0,0,天津,开滦国家矿山公园
175967354,174381108,百年开滦，中国重工业的摇篮，值得一看。,2023-05-28,5.0,0,河北,开滦国家矿山公园
176192530,306043043,开滦国家矿山公园，体验深入矿山下探秘,2023-06-09,5.0,0,天津,开滦国家矿山公园
177573667,314718260,是全国最早开采煤炭的地方，历史悠久,2023-07-13,5.0,0,河北,开滦国家矿山公园
175195999,41518121,可以可以，来了觉得不会让你失望的。,2023-03-16,5.0,0,河北,开滦国家矿山公园
175070561,154254189,还不错的地方，大家可以来体验一下。,2023-03-03,5.0,0,北京,开滦国家矿山公园
175030918,174381108,一百多年历史，中国近代工业的摇篮。,2023-02-27,5.0,0,河北,开滦国家矿山公园
176071259,154254189,很不错的地方大家可以来体验一下。,2023-06-07,5.0,0,北京,开滦国家矿山公园
174894975,71461006,了解开滦历史，探索地下世界，不错,2023-02-13,5.0,0,河北,开滦国家矿山公园
176337673,41518121,很有特色的地方，可以去看看啦。,2023-06-19,5.0,0,河北,开滦国家矿山公园
171883035,2038821,河北开滦国家矿山公园开始兴建于2005年8月，总规划占地面积近70万平方米，分两大园区进行建设。一是在唐山矿A区建设“中国北方近代工业博览园”，二是在原唐山矿储煤场旧址建成“老唐山风情小镇”，两大景区由矿用自备铁路连接，形成一个完整的旅游园区。园区内建有博物馆和三个分展馆，内容涵盖煤炭的生成与由来、古代采煤史拾萃、开滦煤田地质构造及赋存、煤炭开采流程及煤炭开采史、电的使用、电学知识与电力发展史、蒸汽机车史和中国铁路运输史、井下探秘游、采煤塌陷知识等。,2022-08-02,4.0,1,江苏,开滦国家矿山公园
171948952,20928016,开滦国家矿山公园位于河北省唐山市市中心区域，积淀了厚重的历史文化。现在成为了青少年接受科普，人文，历史教育的第二课堂。,2022-08-05,5.0,0,北京,开滦国家矿山公园
177174460,83261851,对矿井工作内容大致了解了一下！,2023-06-27,5.0,0,河北,开滦国家矿山公园
175592404,61329476,人类对地球的影响是巨大的，不能只开发不养护，像这样的就很好,2023-04-23,4.0,0,河北,开滦国家矿山公园
172070915,38382287,带着稍大一点的孩子可能更能体会到煤炭开采的过程和价值吧，博物馆设计很合理，顺路就来看看,2022-08-12,5.0,0,山西,开滦国家矿山公园
175150784,149565566,挺好的地方，可以去看看，丰富一下知识,2023-03-11,4.0,0,河北,开滦国家矿山公园
173525320,20928016,开滦国家矿山公园位于河北省，保护生态环境，还绿色于自然，层峦叠嶂，景色秀丽。,2022-11-08,5.0,0,北京,开滦国家矿山公园
180752572,230421837,不错！！！！！！！！！！！！！！！！！！！！！！！！！！！！！！！！！！！！！！！！！有地下坑道…！！…！！！整体做的不错！,2024-02-16,5.0,0,北京,开滦国家矿山公园
180780036,149490598,这个博物馆真的很棒，特别全面系统，真的太有知识含量了，还能下井。,2024-02-18,5.0,0,北京,开滦国家矿山公园
179715297,75501211,总体还是可以的，除了贵没别的毛病，铁路零公里，这个涨知识了,2023-11-08,3.0,0,河北,开滦国家矿山公园
180731920,38707459,非常值得推荐。很不错的体验感,2024-02-14,5.0,1,北京,开滦国家矿山公园
180561988,418606857,值得推荐，孩子们玩得开心,2024-01-28,5.0,0,北京,开滦国家矿山公园
179212457,67356179,赶上了上午九点半的讲解，大小讲解员都很棒，矿山博物馆馆藏丰富，增长了不少知识，矿井体验也很新奇，小火车倒是很平常。铁路源头博物馆本来以为没什么可玩的，没想到反而是最有趣味的，各种火车模型玩的不亦乐乎。值得推荐的好地方。,2023-10-01,5.0,1,河北,开滦国家矿山公园
179363932,149557886,暑假带孩子一起到矿山公园，感觉很新奇，入口处也很方便，公园很有特色，可以实地感受地下煤矿开采的场景，喜欢坐小火车，走时买了纪念品，很满意！,2023-10-12,5.0,1,江苏,开滦国家矿山公园
180752611,281312599,孩子能学到些知识，就是性价比不高。,2024-02-16,4.0,0,天津,开滦国家矿山公园
178848902,18141211,里边有真实的矿洞，还有小火车坐，沉浸感很足。,2023-09-06,5.0,2,北京,开滦国家矿山公园
178254857,20928016,开滦国家矿山公园位于河北省唐山市，公园内植被种类很多，林木繁茂，空气清新。,2023-08-12,5.0,0,北京,开滦国家矿山公园
177748363,61329476,确实改造的不错，体现了主要的特色和优势，让我们了解了历史的发展,2023-07-26,5.0,0,河北,开滦国家矿山公园
179371961,120560716,带孩子参观，涨知识，第一次参观矿山公园，孩子非常感兴趣，有讲解，可以详细了解发展历程，铁路源头博物馆很好，孩子对火车的发展很好奇,2023-10-14,5.0,0,山东,开滦国家矿山公园
178832108,273018664,"【景色】一般般
【趣味】还可以
【性价比】不花钱",2023-09-04,5.0,0,河北,开滦国家矿山公园
175033392,366096918,“中国第一佳矿”、“中国第一条标准轨铁路”、“中国第一台蒸汽机车”、“中国最早的铁路公路立交桥”、“中国最早的股份制”，均诞生在这里。洋务运动代表人物李鸿章、中国近代煤矿之父唐廷枢、北方工业巨子周学熙，党的创始人之一李大钊，民族英雄节振国等众多历史人物，曾在这里留下重要历史遗踪。,2023-02-27,5.0,4,江苏,开滦国家矿山公园
179983495,2930777,这里作为小孩子的教育体验还是不错的。很少有下矿山的机会，可以看一看真是的场景。,2023-12-03,4.0,0,辽宁,开滦国家矿山公园
178704159,174381108,中国机械化采煤鼻祖，近代工业摇篮。,2023-08-29,5.0,0,河北,开滦国家矿山公园
178187415,248286987,没什么特别好玩的地方，不值得票价，当博物馆看太贵，当游玩的地方，又没什么可玩的，一个小火车，很快就到了，除非对煤炭方面特别感兴趣,2023-08-07,3.0,0,辽宁,开滦国家矿山公园
174814472,18344873,总体感觉还是不错的体验感很好！全程讲解一个小时，详细了解了开滦煤矿从最原始的采煤方式到现在最先进的采煤方式，适合带孩子研学！,2023-02-04,5.0,1,山东,开滦国家矿山公园
175717841,31889543,今天是在唐山的最后一站，早餐后驱车直奔开滦国家矿山公园，买了展馆和矿洞的票，展馆让我们了解煤炭的形成以及一些历史知识，小小讲解员是个亮点。矿洞不错坐电梯负二层，然后戴上安全帽，沿着楼梯下行，体验一下矿工的工作环境，最后搭乘小火车，挺有意思的。唯一吐槽的是停车，进门时系统不识别车辆，需要扫码，走的时候显示2元车费，最后扫码付款是4元，懒得计较，别耽误时间赶紧打道回府。,2023-05-03,4.0,1,河北,开滦国家矿山公园
174551188,33692073,可以体验一下下井，挺有意思的，可以看见煤炭开采的全部过程,2023-01-10,4.0,0,北京,开滦国家矿山公园
179225147,35822892,就是就算免费都不该去，没啥别的可说。超级没有意思,2023-10-02,1.0,0,北京,开滦国家矿山公园
172151205,154254189,很不错的地方，有机会还是要来看看。,2022-08-16,5.0,0,北京,开滦国家矿山公园
171895831,85058233,不一样的经历不一样的风景美丽的地方,2022-08-02,5.0,0,河北,开滦国家矿山公园
171782172,344102253,早上晨练不错的选择 人不多 清清静静的,2022-07-27,5.0,0,天津,开滦国家矿山公园
172177398,228233552,可以带着孩子去学习,2022-08-17,5.0,0,河北,开滦国家矿山公园
177406426,80917246,单独来没必要，路过可以看一下,2023-07-03,4.0,0,北京,开滦国家矿山公园
173346650,61329476,利用现有的地质条件改造的项目确实不错，这是一个好方法，值得学习,2022-10-28,4.0,0,河北,开滦国家矿山公园
172124196,151189216,还可以，火车没啥可看的,2022-08-14,4.0,0,山西,开滦国家矿山公园
174590253,217731884,煤矿遗址改造而成的自然景观还是非常具有独特的设计特色的，挺好,2023-01-14,4.0,0,河北,开滦国家矿山公园
172457736,237721328,"【景色】挺怀旧的
【趣味】还不错
【性价比】还可以",2022-09-01,4.0,0,河北,开滦国家矿山公园
171968972,226325807,非常棒，讲解员很细致的一一道来，引人入胜呀,2022-08-06,5.0,0,河北,开滦国家矿山公园
173919411,149565566,可以去看看的哦，景色很不错的选择,2022-12-01,4.0,0,河北,开滦国家矿山公园
172886584,7184070,地下的假人有点慎人，小孩害怕,2022-09-30,5.0,0,河北,开滦国家矿山公园
172969540,315599682,很有文化底蕴,2022-10-05,5.0,0,河南,开滦国家矿山公园
178291486,186481790,月岛干净整洁，小木屋很有特点，沙滩很细，平缓，适合游泳，趟海，晚上有无人机表演，晚会演出，活动项目丰富，很满意的一次旅游，携程订票很方便，赞,2023-08-14,5.0,0,河北,月岛
178557947,158435287,非常有特色的休闲地方，宁静、不喧嚣，适合在这里坐坐，想想？,2023-08-23,5.0,0,黑龙江,月岛
179214551,46524040,好好好，物美价廉好好好好好好好好好好好好好好好好好好好好好好好好好好好好好好好好好好好好好好好好好好好好好好好好好好好好好好好好好好好,2023-10-02,5.0,0,山东,月岛
178197635,176774912,"【景色】优美宜人
【趣味】十足有趣
【性价比】非常高",2023-08-08,5.0,0,山西,月岛
178221612,59130118,风景秀丽，绿意盎然，趣味性强，空气清新。,2023-08-10,5.0,0,江西,月岛
177760602,157236580,鬼斧神工的大自然，融入神仙世界，值得一去,2023-07-26,5.0,0,辽宁,月岛
178966100,1834839,月岛，弯弯月亮下月老给有情人牵线搭桥,2023-09-13,5.0,0,北京,月岛
178154291,8783107,总体环境不错，值得大家伙再次去游玩！,2023-08-05,5.0,0,浙江,月岛
178145774,32061351,环境还不错，位置很好找，服务很热情。,2023-08-05,5.0,0,北京,月岛
178582002,154254189,这是一个好地方大家可以来体验一下。,2023-08-25,5.0,0,北京,月岛
178347529,166441581,风景秀丽，天气非常好。可以过去玩玩,2023-08-17,5.0,0,河北,月岛
178973881,8221017,美美美哒，美丽的地方元限好！！！,2023-09-14,5.0,0,湖北,月岛
178848637,161811952,世外桃源般的感觉，让人心旷神怡。,2023-09-06,5.0,0,天津,月岛
178579336,49555241,美丽的自然风景！清新自然的气息！,2023-08-24,5.0,0,天津,月岛
178865085,174381108,月岛木屋，海边美景，浪漫宜人。,2023-09-08,5.0,0,河北,月岛
178830416,17524332,一处自然生态保护区，非常美～～,2023-09-04,5.0,0,北京,月岛
178515999,2894289,隔空俯看，确实像一轮弯月，很美,2023-08-20,5.0,0,山东,月岛
178222833,8285238,挺不错的，值得一去，挺好的。。,2023-08-10,5.0,0,北京,月岛
177891532,236744188,景色秀丽，清澈见底，适合出游。,2023-07-31,5.0,0,河北,月岛
178880132,1577335,在大海中的岛，无需换票，直接二维码就可以，包含门票和船票，实惠,2023-09-09,5.0,0,河北,月岛
175596986,17524332,非常美丽的地方，适合全家一起出游～,2023-04-23,5.0,0,北京,月岛
174839363,149037333,"风景优美
【景色】
【趣味】
【性价比】",2023-02-07,5.0,0,山东,月岛
177560808,314718260,好玩，好去处，有没有一起去玩的呢,2023-07-12,5.0,0,河北,月岛
176416934,17175735,环境优美舒适，适合一家休闲游玩。,2023-06-20,5.0,0,山东,月岛
175917664,161811952,自然风景区，风景绣丽，怡然自得。,2023-05-22,5.0,0,北京,月岛
175781389,8285238,挺不错的地方，环境优美，值得一去,2023-05-09,5.0,0,北京,月岛
175210761,7611137,去哪里的月岛都是很有意义的一天！,2023-03-17,5.0,0,河北,月岛
175105694,1834839,月岛像月亮，月圆之夜在月岛看月亮,2023-03-06,5.0,0,北京,月岛
174938906,161811952,风景秀丽，有茂密的树林还有湖泊。,2023-02-17,5.0,0,辽宁,月岛
174818201,8783107,总体环境不错，值得大家再次去游玩,2023-02-04,5.0,0,浙江,月岛
177271650,340128062,好，很好，非常好，非常非常的好,2023-06-28,5.0,0,湖北,月岛
176999498,194509054,海边度假，离着北京很近的选择。,2023-06-26,5.0,0,北京,月岛
176201548,8221017,美美美的月岛，好月亮在海上！美,2023-06-10,5.0,0,湖北,月岛
176079668,174381108,海边小岛，木屋连廊，景色很美。,2023-06-08,5.0,0,河北,月岛
175929090,49555241,美丽的自然风景，清新的空气！！,2023-05-24,5.0,0,天津,月岛
175921219,154254189,很不错的地方大家可以来看看啊。,2023-05-23,5.0,0,北京,月岛
175649820,236744188,景色秀丽，干净整洁，性价比高。,2023-04-28,5.0,0,河北,月岛
175226047,17175735,环境不错，景色优美，值得一游。,2023-03-19,5.0,0,广东,月岛
175039809,1865780,小岛幽靜，休闲放松，开心度假。,2023-02-27,5.0,0,上海,月岛
174608745,27081795,一年前去的，环境不错，岛上开发还可以，上岛方便，晚上灯光很漂亮,2023-01-16,5.0,0,北京,月岛
171784773,41405445,"【景色】很不错
【趣味】还好
【性价比】很高
值得推荐给大家走走看看",2022-07-27,5.0,0,辽宁,月岛
173683476,217731884,有哪个人可以拒绝这么优美的自然环境呢？确实很值得去欣赏欣赏！,2022-11-17,5.0,0,河北,月岛
173905309,61329476,华景优美的自然风光总是提气我们的世界，努力构建更美好的未来,2022-11-30,5.0,0,河北,月岛
173818379,90900318,夏日去海边最舒服了，还有沙滩碧海蓝天，这是需要去的好地方,2022-11-25,5.0,0,河北,月岛
173604901,161811952,形状比较奇特，也是月岛的名称所得。,2022-11-12,5.0,1,辽宁,月岛
172183307,176774912,好美的岛屿，环境整洁干净优美大方家人们和孩子们都喜欢！,2022-08-17,5.0,0,山西,月岛
172040078,35839849,来过好几次，上岛要坐船。岛上小木屋是特色，沙滩也不错！,2022-08-10,5.0,0,河北,月岛
174963239,154254189,很不错的地方，大家都来看看吧。,2023-02-20,5.0,0,北京,月岛
174904542,2894289,有着浪漫的白沙滩，和着月光，美,2023-02-14,5.0,0,北京,月岛
176603577,120982281,错峰出行，不错的选择。,2023-06-22,4.0,0,河北,月岛
175502915,1200071,这里是位于中国大陆北方地区河北省东部唐山市乐亭县的一处休闲海滩，这里是三岛之一，夏季有很多的游客来往。,2023-04-14,4.0,0,河北,月岛
177592537,1200071,这里是位于中国大陆北方地区河北省东部唐山市乐亭县的海边，这里是著名的乐亭三岛之一，来往的游客很多的。,2023-07-14,4.0,0,河北,月岛
175707750,63478315,现场买票110，网上购票需提前两小时能够使用。有购买意向的提前下单。随时可退。月岛不是很大，有水上木屋，岛内可以租电瓶车或自行车。沙滩也很不错～可以一日游或者住上一宿小木屋。,2023-05-02,4.0,0,江苏,月岛
171800044,20928016,月岛位于河北省乐亭县，岛上特色的荷兰风情小木屋，很有特色，也还舒适。涨潮时居住的木屋下面全是海水，可以钓鱼，然后拿到餐厅加工。,2022-07-28,5.0,0,北京,月岛
171719191,344102253,非常不错的小岛 船票加住宿有点小贵 不过分跟哪里比 夜景灯海有点味道 带娃也不错 沙子超细超细,2022-07-24,5.0,2,天津,月岛
173373941,217656209,这里景色宜人，环境幽雅，空气清新，性价比高，价格合适，服务挺好的，小吃也可以，欢迎亲们光临啊！,2022-10-29,5.0,0,江苏,月岛
176261602,14739563,月岛景色很漂亮，很喜欢哪里，有机会还要再去一次。。。,2023-06-15,4.0,0,广东,月岛
171984518,7658625,渤海湾附近非常不错的旅游景点，岛上的小木屋很有特色，交通便利出行方便，非常值得体验一下。,2022-08-07,5.0,0,天津,月岛
171790824,217731884,优美的环境是这个地方最值得信赖和支持的地方，努力提升服务质量和水平,2022-07-28,5.0,1,河北,月岛
172692881,1834839,这月岛的夜色让人记忆最深刻，久久不能平复,2022-09-17,5.0,0,北京,月岛
171963775,207800841,不错不错不错不错不错不错不错不错不错不错不错不错不错不错不错不错不错不错不错不错不错不错不错不错不错不错不错不错不错不错不错不错不错不错不错不错不错不错不错不错不错不错不错不错不错不错不错不错不错不错不错不错,2022-08-06,3.0,0,河北,月岛
173152452,17524332,景色很美的一个景点。适合全家一同出游～,2022-10-16,5.0,0,江苏,月岛
173114350,4769272,景色宜人，风光无限，大好河山，壮观无比,2022-10-14,5.0,0,河北,月岛
172376589,70931907,"【景色】不错
【趣味】不错
【性价比】不错",2022-08-27,5.0,0,河北,月岛
172212567,154254189,很美丽的地方，真是不错的，一定要来看看,2022-08-19,5.0,0,北京,月岛
171864482,149037333,很好玩，大人小孩都很开心，以后经常去,2022-08-01,5.0,0,山东,月岛
171758460,85058233,美丽的地方美丽的风景这边独好真的不错,2022-07-26,5.0,0,河北,月岛
173359085,20928016,月岛位于河北省乐亭县，岛上有荷兰风情小木屋，涨潮时木屋下面全是海水，很有特色。,2022-10-29,5.0,0,北京,月岛
172113372,32061351,旅游高峰的暑期，选择一个小众的景点就好，避开人多拥挤的环境,2022-08-14,5.0,1,河北,月岛
175038891,74153072,看起来还是很不错的样子，可以去看看,2023-02-27,4.0,0,上海,月岛
172963912,87027505,生活在蓝天白云下，天空总是那么晴朗,2022-10-04,5.0,0,河北,月岛
172407035,61329476,优美的自然环境和人文精神结合起来让每一个人都心情舒畅，努力构建更美好的生活,2022-08-29,5.0,0,河北,月岛
173820864,176774912,很好玩的地方，环境整洁干净优美大方，家人们和孩子们都喜欢！非常值得一去！,2022-11-25,5.0,0,山西,月岛
175302282,3615625,风景怡人的好地方，值得去看看啊,2023-03-26,4.0,0,河北,月岛
175179727,14739563,月岛景色很漂亮，如在仙境。。。,2023-03-14,4.0,0,福建,月岛
174180407,32061351,四面环水的小岛，空气非常好，环境很不错，位置很好找,2022-12-16,5.0,1,浙江,月岛
173648649,168079668,【景色】岛月水天，一色美景，树影婆娑，比基尼美女，光光画风，风韵突变？,2022-11-15,5.0,0,辽宁,月岛
177039730,3615625,山清水秀的地方，值得去看看啊,2023-06-26,4.0,0,河北,月岛
175825721,168274216,带着老人和孩子出来玩很合适,2023-05-13,5.0,0,河北,月岛
173138289,27081795,景色很好，岛不大，很容易转遍，由于自行车可以租，住宿和吃的比较贵些,2022-10-15,5.0,0,北京,月岛
178540616,42931613,买票方便。月岛玩玩水还是比较有意思，就餐环境差，住宿就没必要了,2023-08-22,5.0,0,北京,月岛
179514840,2500322,总体感觉一般，一般。,2023-10-23,4.0,0,北京,月岛
179442532,6923198,建议晚上看夜景,2023-10-19,5.0,0,北京,月岛
178160953,12429042,船宽敞，安全,2023-08-06,5.0,0,河北,月岛
178305910,3786697,还比较方便，但很奇怪怎么没有二个大人票的套餐。,2023-08-15,5.0,0,北京,月岛
178102239,13034985,总体看来还是非常不错的啊，有机会多出去走走吧。,2023-08-02,4.0,0,湖南,月岛
174975887,366096918,月坨岛，地处唐山市乐亭县西南的渤海臂湾之中，距陆上距离4.8公里，是中国北部海域最负盛名的生态旅游度假中心之一，又有绿岛、快乐岛之称。它和金沙岛、菩提岛等互相呼应，形成了东起山海关、南至北戴河、黄金海岸，西至曹妃甸一条漫长的沿海旅游观光链,2023-02-21,5.0,0,江苏,月岛
174975373,196837749,月坨岛是乐亭县西南渤海湾中的沙岛，陆域面积10.5平方公里，因形似一弯晓月而得名。月坨岛离陆岸4.8公里，封闭性良好。岛上灌木丛生，鲜花野果散发出淡淡幽香，几近封闭的自然环境鲜有人为的干扰和破坏，生态景观保留了原始状态,2023-02-21,5.0,0,江苏,月岛
177806965,186646057,不错不错真不错,2023-07-30,5.0,1,北京,月岛
179222128,22434767,好好好好好好好好好好好好好好好好,2023-10-02,5.0,0,河北,月岛
178104966,190375385,牛🐮🐮🐮🐮🐮🐮,2023-08-02,5.0,0,河北,月岛
177803055,5087609,不用等很久，20分钟到岛上,2023-07-29,5.0,0,天津,月岛
179357762,630423,去月岛，团购船票便宜,2023-10-12,5.0,0,内蒙古,月岛
178857648,552312733,淡季没什么建议旺季去,2023-09-07,4.0,0,河北,月岛
178708425,107577012,非常不错的一次旅行！,2023-08-29,5.0,0,河北,月岛
178120046,319870674,好用，方便，性价比高,2023-08-03,5.0,0,天津,月岛
179266233,5618587,半小时吧，值回票价,2023-10-05,5.0,0,北京,月岛
178499973,13943070,一次不错的家庭游,2023-08-19,5.0,0,北京,月岛
180930822,5991642,风打得也特别舒服，风吹着头发飞舞着的感觉，看着海浪花涌起，心里一下就开阔了。拍照非常出片，特别美。环岛走了一圈，发现真的是月亮的形状，可以住在离海最近的文涛阁，来观海，听涛，枕海而眠，迎接海上的第一缕霞光。,2024-02-26,5.0,0,北京,月岛
177746457,532392773,很满意，儿子最后都不想走，很留恋这个地方，他说这的人都特别客气，友善，比咱们北京人还好，哈哈，我听了以后挺安慰的，为了到底去哪里海边玩，研究了1个多月，有做了攻略和充足的准备，最终儿子和媳妇都满意，我也算没白耗心血,2023-07-25,5.0,0,北京,月岛
180840980,289908589,真希望能有个大船，小船装不了多少人，周末都是家庭出游，老人、小孩都排队，人挨人、人挤人,2024-02-19,5.0,0,广东,月岛
179260656,466898060,这个季节人少，水很清澈，稍微有点凉，但是可以下去几分钟是没有问题的。沙滩干净，光脚走一走，很舒服，一路走出来，无论沙滩还是路上，冲脚的龙头很多，很方便。,2023-10-05,5.0,0,北京,月岛
180656897,141736883,一如既往的不错，一定要八月底到九月初去，刚开海，海鲜特别棒,2024-02-08,5.0,0,北京,月岛
180642295,78931602,景色不错，晚上漂亮，里面小店疫情原因都关了。表演中规中矩吧,2024-02-06,5.0,0,云南,月岛
178967565,745456,河北省唐山的月岛因形状而得名，是河北省的海洋自然保护区，月岛和祥云岛、菩提岛互相呼应与东起山海关、南北戴河、黄金海岸，曹妃甸组成一条沿海旅游观光链，其中月岛是这条观光链上最美最亮的景色，值得游览。,2023-09-13,5.0,0,江苏,月岛
180437051,26438196,方便，特别推荐，携程值得信赖,2024-01-17,5.0,0,江苏,月岛
176061303,1083448,很有创意开发也很成功的小岛，网红打卡地，虽是淡季游客还是不少，这里的小木屋是特色，尤其是晚上好，看夜景夜游小岛，美不胜收，早上再逛一逛会是另一番视觉盛宴，强调一下：要住月岛上,2023-06-06,5.0,8,天津,月岛
180136886,234381057,非常满意。,2023-12-21,5.0,0,北京,月岛
178135068,539807569,很开心的一次体验,2023-08-04,5.0,0,北京,月岛
180781123,108957551,岛挺大的，玩的东西不多，景点就看了看，没细逛。,2024-02-18,4.0,0,山东,月岛
180844677,274167525,还行吧。海边不错/,2024-02-20,4.0,0,天津,月岛
178719122,90900318,在河北省渤海湾内的一处海岛，形状如新月般一样，故此而得名月岛，这是一处适合家人休闲的地方,2023-08-30,5.0,0,河北,月岛
178166815,20928016,月岛位于河北省唐山市乐亭县，岛上景色优美，荷兰风情小木屋，海水环绕，很有特色。,2023-08-06,5.0,0,北京,月岛
179991031,110812368,还不错吧，不过碰瓷马代还是差距明显的,2023-12-03,5.0,0,北京,月岛
178710378,6542344,周末出行，中规中矩的沙滩，比较干净，胜在人不是很多。适合短途旅游。没在岛上住宿，餐饮比较少,2023-08-29,3.0,1,北京,月岛
178833536,16819450,月岛非常的推荐，地理位置优越，环境优美宜人，空气清新脱俗，景色秀丽,2023-09-05,5.0,0,湖北,月岛
178830360,217731884,优美的环境总能提升服务水平和提高质量效益，努力做的更好更优秀,2023-09-04,5.0,0,河北,月岛
178333357,17358007,非常不错，最近的度假胜地，海滩很大，景色很美，比较悠闲，不错,2023-08-17,5.0,0,山西,月岛
178102790,24774337,方便，快捷，便宜,2023-08-02,5.0,0,北京,月岛
179254830,318106965,方便快速出票,2023-10-04,5.0,0,山西,月岛
179076607,36989613,十一前去的，大周末基本看不了什么人，海边风浪挺大，9点半到的岛上，12点就回去了，太冷了。,2023-09-23,4.0,0,河北,月岛
177724726,232812228,不用起早就可以抓螃蟹，孩子们玩好了，就是吃饭玩的项目较贵,2023-07-24,4.0,0,山西,月岛
172104791,415393339,远离城市的喧哗，安静，人少，每个人追求的不同，所以对景物的鉴赏也不同，看看大海，听听海浪的声音，看见了久别的烟花！用心去体会，小岛无法与有名的景点相比！但它的夜很美！,2022-08-13,4.0,1,河北,月岛
176208577,97711599,位于唐山市乐亭县三贝明珠码头，月岛因形若弯月而得名，由月坨、腰坨、蛇坨、西坨等7个狭长列岛断续组成。在这里，可以收获阳光海岸浪漫的沙滩；在这里，你可以垂钓到一份新鲜，一份诗意…… 月岛是目前我国极具荷兰气息情调的旅游度假中心，还拥有长达5公里的沙滩，沙滩洁净，海水清碧，日落前，在你这里来一场浪漫的邂逅。 ,2023-06-10,5.0,1,辽宁,月岛
176028358,110849421,夏日炎炎，能和自己的挚爱，寻一座海岛，住在水上的小木屋，在海滩上吹吹风，去海水里冲冲浪。那是多么浪漫的事情。做到这些其实并不难。你不用去太平洋的夏威夷，也不必去东南亚的马尔代夫，就在渤海湾，就在唐山国际旅游岛—月岛（月坨岛），你一样能感受到这种浪漫。,2023-06-02,5.0,1,福建,月岛
178588462,336781448,实在没有意思,2023-08-25,4.0,0,山东,月岛
175937046,745456,著名的月岛在唐山乐亭县，被评为中国最美的八座小岛之一，从空中俯瞰，如一弯新月，月岛因此得名吧。岛上景观很美，保留了原始生态，到处野花和灌木丛生，特别难得的是月岛拥有中国唯一的天然海上温泉。值得体验！,2023-05-24,5.0,0,上海,月岛
174503909,450749,月岛在唐山的海边，是比较新的旅游景区，这里景色很美，特别是夜景更美，如果住在小木屋感觉还不错，夏天来旅游是很好的景区。希望发展越来越好。,2023-01-05,5.0,1,北京,月岛
178271513,329490424,不会再去了，一般的旅行，下午去海边玩会，第二天下雨就不开门了，不让去海边,2023-08-13,3.0,0,河北,月岛
177823704,242104763,岛上有点无趣，可玩性不高,2023-07-31,3.0,1,河北,月岛
176214288,175945182,等船等了一个小时，真不推荐来。,2023-06-11,5.0,1,河北,月岛
176577939,44659727,这里风景这边独好，很值得推荐一下去地方，非常好玩的地方，亮点很多,2023-06-21,5.0,1,天津,月岛
175269442,61329476,优越的地理位置得天独厚的生态资源优势转化为特色的经济发展，努力吧,2023-03-23,5.0,1,河北,月岛
177664069,27081795,景色优美，上岛方便，性价比很高，岛上吃住都很方便,2023-07-20,5.0,0,北京,月岛
176253750,273018664,"【景色】不错不错
【趣味】很好很好
【性价比】还可以",2023-06-14,5.0,0,河北,月岛
177542646,32543360,不错的地方，有空可以去看看，还是可以的，哈哈~,2023-07-10,5.0,0,北京,月岛
174753296,20928016,月岛位于河北省乐亭，荷兰风情小木屋，景色优美。,2023-01-30,5.0,0,北京,月岛
176076952,1834839,一切就像歌中唱的那样，这月岛，像一条船。。。,2023-06-07,5.0,0,北京,月岛
174813827,74299496,挺不错的好地方，可以去看看，真心觉得不错的。,2023-02-04,5.0,0,山东,月岛
177503353,305865832,这地方太漂亮了，真的没有白来一趟了。并不是,2023-07-07,5.0,0,陕西,月岛
176217388,35839849,很有异域风情，要坐船上岛，岛上的沙滩也不错,2023-06-11,5.0,0,河北,月岛
174934833,217731884,优美的环境给人带来更美好的生活是快乐的时光,2023-02-17,5.0,0,河北,月岛
177477918,7042574,虽然名字叫月岛，但白天和傍晚过去特别合适,2023-07-05,5.0,0,北京,月岛
175403942,7042574,春暖花开的季节终于来了，可以一起去玩耍了,2023-04-04,5.0,0,北京,月岛
175879765,85058233,景色宜人美丽动人故事可怡神了陶醉其中了,2023-05-18,5.0,0,河北,月岛
175765591,176774912,"【景色】宜人
【趣味】十足
【性价比】很高",2023-05-07,5.0,0,山西,月岛
177255423,75610560,月岛，旅游打卡，网红之地，可以看看哦,2023-06-28,5.0,0,湖北,月岛
175888731,2894289,很值得去玩的地方、🈶️海鲜可以吃！,2023-05-19,5.0,0,河北,月岛
175502193,94821952,景色还可以，趣味性不大，适合散步散心,2023-04-14,5.0,0,北京,月岛
175078601,174381108,海上木屋，听涛赏月，情侣旅游的绝佳。,2023-03-04,5.0,0,河北,月岛
174865796,85058233,没丽的地方址得欣赏，留下美丽的邂逅。,2023-02-09,5.0,0,河北,月岛
172204356,414481766,月岛由月亮形状而由来，天然大海，冲个浪，玩玩水，孩子们水中游个泳，超开心的，水上小木屋与周围大房子夜景特别美，一家人在一起出去转转挺开心,2022-08-18,5.0,1,河北,月岛
175737176,8783107,总体环境不错，值得大家再次去游玩！,2023-05-04,5.0,0,浙江,月岛
174334565,201307463,景色不错，趣味相投，性价比很高,2022-12-26,5.0,0,山东,月岛
174105989,236744188,景色优美，干净整洁，山水秀丽。,2022-12-12,5.0,0,河北,月岛
173531350,2894289,玩沙滩、潜水、钓鱼的绝佳好地方,2022-11-08,5.0,0,河北,月岛
173039570,5450322,挺好挺好挺好，风景很不错的地点,2022-10-09,5.0,0,河北,月岛
172756895,1865780,小岛休闲，旅游度假，随意而居。,2022-09-21,5.0,0,上海,月岛
172330497,201307463,景色宜人，趣味不错，性价比很高,2022-08-25,5.0,0,河北,月岛
172127141,181889511,网红打卡地，小房子真漂亮，海边沙子也不错的。就是坐船时间太长，温度热啊,2022-08-14,5.0,0,北京,月岛
171728768,2894289,从高处俯瞰，的确有像月亮一样！,2022-07-25,5.0,0,河北,月岛
172580288,34842858,非常不错的旅游胜地 景色非常好,2022-09-09,5.0,0,重庆,月岛
173089258,1200071,这里是位于中国大陆北方河北省唐山市乐亭县的海边小岛，是当地比较著名的旅游景点，夏天还是来的人挺多的。,2022-10-12,4.0,0,河北,月岛
174575291,1200071,这里是位于中国大陆北方河北省东部唐山市乐亭县海边的三岛之一，这里是著名的旅游景点，游客很多。,2023-01-12,4.0,0,河北,月岛
172991828,48332440,唐山月岛最吸引人的是海上酒店 小木屋 不过我们去的时候小木屋还不是非常的完善 也许现在好了 但不太清楚 因为很久没去了 唐山能玩的地方还是挺多的 去个三天甚至五天都不会寂寞,2022-10-06,4.0,0,天津,月岛
176040930,217731884,在一个优美的环境下人们能够感受到生活的美好和温暖！,2023-06-04,5.0,1,河北,月岛
177382080,230346104,挺好玩，挺有意思的地方，下次还会带孩子带去的，希望总是能这么的有意思,2023-07-01,5.0,0,河北,月岛
175748591,20928016,月岛位于河北省唐山市乐亭县，最有特色的是荷兰风情小木屋，很有情调。,2023-05-05,5.0,0,北京,月岛
175127825,8221017,美美美哒！美美美美美美美美美美美美美美美美美美美美美美美美美美美！,2023-03-09,5.0,0,湖北,月岛
174858803,4769272,湖光山色，景色宜人，风景如画，空气清新，度假放松净化心灵的好去处,2023-02-09,5.0,0,河北,月岛
175026403,90900318,北方渤海湾里的一颗明珠，有着像弯月般的岛屿形状，值得一去看看,2023-02-26,5.0,0,河北,月岛
176804756,61329476,这是美丽的地方，环境优美让人心情舒畅，我们一起努力奋斗吧！,2023-06-24,5.0,0,河北,月岛
175553795,27081795,景色优美，上岛方便，岛上东西悄悄贵点，但也可以接受，环境好,2023-04-19,5.0,0,北京,月岛
175082493,75610560,很美的地方，可以放松自己，融入大自然,2023-03-04,5.0,1,湖北,月岛
174723268,226998158,"景色不错，值得游览的地方，挺好
【景色】
【趣味】
【性价比】",2023-01-27,5.0,0,河北,月岛
176322689,120999343,在繁华喧嚣之余，感受一下宁静的夜晚,2023-06-17,5.0,1,天津,月岛
175213798,32061351,环境很不错，位置很好找，人流量很大,2023-03-17,5.0,1,浙江,月岛
176491714,7611137,月岛好地方，慢慢的走一走坐着歇一歇，看一看，休闲一下,2023-06-20,5.0,0,河北,月岛
175967863,90900318,位于渤海明珠曹妃甸区的一处海岛，形状如新月般故此得名,2023-05-28,5.0,0,河北,月岛
175716255,226998158,"景色不错，性价比很高的地方
【景色】
【趣味】
【性价比】",2023-05-03,5.0,0,河北,月岛
172137538,410286150,总体来说，沙子比较细，可以搭帐篷，但是有场地费，也可以租，海边还算干净，可以挖到小螃蟹，门票不贵，住宿稍贵，超市价格跟其他景点差不多,2022-08-15,4.0,0,河北,月岛
175247582,44659727,这里风景充满浪漫主义，值得推荐一下去地方，亮点很多,2023-03-21,5.0,0,上海,月岛
175172840,273018664,"【景色】不错很好
【趣味】很好很好
【性价比】不错很好",2023-03-13,5.0,0,河北,月岛
172421470,2814633,非常不错的旅游的地方，多去去应该是非常的惬意的。去吧,2022-08-30,5.0,0,上海,月岛
173820788,273018664,"【景色】不错不错
【趣味】很好很好
【性价比】不错不错",2022-11-25,5.0,0,河北,月岛
171672049,273018664,"【景色】好好好好
【趣味】不错不错
【性价比】很好很好",2022-07-21,5.0,0,河北,月岛
174184512,16819450,月岛非常非常的推荐，这里景色非常优美，环境宜人。,2022-12-17,5.0,0,湖北,月岛
172177445,157236580,很好玩的地方，可以在这里看看和朋友们一起去旅行,2022-08-17,5.0,0,黑龙江,月岛
172961219,261594252,这里值得一游，风景如画，空气清新，美女如云！,2022-10-04,5.0,0,江西,月岛
172270540,90900318,面朝大海，春暖花开，这里是一个值得去玩的地方,2022-08-22,5.0,0,河北,月岛
172257439,4936228,在高层能够通过窗户看到远处，让心情变得更好了,2022-08-21,5.0,0,安徽,月岛
174030752,8221017,美丽而优雅，这就是月岛的美！超好看超美的！,2022-12-08,5.0,0,湖北,月岛
172768812,487578,环境很好，走走感觉很放松，蛮适合周末前往的,2022-09-22,5.0,0,上海,月岛
172726747,226998158,景色不错不错的海岛，非常值得游览，不错不错,2022-09-19,5.0,0,河北,月岛
172678077,16819450,月岛非常推荐，环境优美，景色怡人，游玩圣地,2022-09-16,5.0,0,湖北,月岛
172447603,344102253,除了价格跟态度 别的都还不错 值得一去 最多三天,2022-08-31,5.0,0,吉林,月岛
171856035,390583,非常好的地方，风景非常美，非常值得看一看！,2022-07-31,5.0,0,北京,月岛
174587279,23043471,月岛景色挺漂亮的👍👍👍👍👍👍,2023-01-14,5.0,0,天津,月岛
174561442,5450322,从小没看过海的人，对这些岛充满喜欢,2023-01-11,5.0,0,河北,月岛
174215971,17175735,环境不错，景色优美，适合悠闲娱乐。,2022-12-19,5.0,0,广东,月岛
173716321,154254189,很美丽的地方，大家可以来体验一下。,2022-11-19,5.0,0,北京,月岛
173475314,85058233,美丽的地方美丽的风景各式各样的生活,2022-11-04,5.0,0,河北,月岛
173506321,149037333,"【景色】
【趣味】
【性价比】太棒了",2022-11-06,5.0,0,山东,月岛
173466854,74299496,挺不错的好地方放，可以去看看的。,2022-11-04,5.0,0,山东,月岛
172702779,17175735,环境舒适优美宜人，适合度假游玩！,2022-09-18,5.0,0,广东,月岛
174664435,8285238,不错的地方，环境优美，值得一去,2023-01-23,5.0,0,山东,月岛
174636713,17524332,月岛非常的美，适合去那里拍照～,2023-01-19,5.0,0,江苏,月岛
171823136,31792735,感觉还是不错的，地理位置优越，挺好找的，交通方便，停车场也大，整体都挺值得推荐,2022-07-29,4.0,0,云南,月岛
175162140,62655848,其实我觉得吧总的来说还不错呢！,2023-03-12,3.0,0,黑龙江,月岛
172087361,397332473,还不错岛屿很漂亮，就是酒店啊整个岛服务一般性价比不高，电瓶车一百一小时,2022-08-13,5.0,0,河北,月岛
171915063,6424778,还可以的，值得一游，休闲好去处,2022-08-03,4.0,0,广东,月岛
179079248,520175574,挺好的挺好的挺好的挺好的挺好的挺好的挺好的挺好的挺好的挺好的挺好的挺好的挺好的挺好的挺好的挺好的挺好的挺好的挺好的挺好的挺好的挺好的挺好的,2023-09-23,1.0,0,河北,月岛
179267918,77897086,码头停车场停车1天超了两小时，收了两天停车费36元，坑你没商量,2023-10-05,2.0,1,天津,月岛
178543252,520175574,一般般吧，，，，，，，，，，，，，，，，，，，，，，，，，，，，，，，，，，，，，，，，，，，，，，，，，，，，，，，，，，，，，，，，，，，,2023-08-22,1.0,0,河北,月岛
179703843,42464415,就是海边，没新鲜的,2023-11-06,1.0,0,云南,月岛
171813532,3226404,开发的时间不长，规划不够精致，还需要几年的时间来建设。,2022-07-29,3.0,0,北京,月岛
178499180,520175574,订票还得提前预订,2023-08-19,1.0,0,河北,月岛
178019853,195107690,景区管理混乱，好多游客和里面的摆渡车发生矛盾。黑社会一样。有点此山是我开，此树是我栽的意思。但是风景很好👌🏻。,2023-08-01,1.0,2,北京,月岛
171930284,413539743,110门票，来回做了两次船，洗了个海澡，别的我不说了，无语😒😒😒😒,2022-08-04,1.0,0,河北,月岛
175774785,198070527,那个***的给评的四A级，没来过可别来了，真花都没拿假花糊弄游客,2023-05-08,1.0,0,河北,月岛
171901348,84025937,性价比不好，船等了很久，现场很多人集聚，就是要等满70人才开船，哎,2022-08-03,1.0,0,河北,月岛
171966552,212696508,在岛上入住还需要船费，有点不合人意。,2022-08-06,1.0,1,河北,月岛
178510938,244028474,一趟船要等一个小时 岛内设施设备不全 饭店口味差 海边水脏 收费贵 真的 特别无语 工作人员态度差 翻白眼,2023-08-20,1.0,1,河北,月岛
172255964,249251963,"不要来不要来不要来，重要的事情说三遍，既不值得看也不值得玩，花了高价船票到岛上就无语了，除了一个小海滩什么都没有，住下都没有意义，果断返回，开车俩小时闻着汽油味汗味坐了一小时的船
【】😂",2022-08-21,1.0,0,河北,月岛
171741201,74153072,像月亮一样，天气热，晚上在附近走一走还是不错的,2022-07-25,4.0,0,上海,月岛
173878585,31024605,"【景色】不错，
【趣味】不错，
【性价比】不错，",2022-11-29,4.0,0,北京,月岛
174122272,14739563,月岛很舒服，景色特别漂亮，很喜欢。。。,2022-12-13,4.0,0,福建,月岛
173668927,74153072,山青水秀的地方，可以去看看怎么样的呢。,2022-11-16,4.0,0,山东,月岛
172642315,217848058,唐山三岛之一，景色很美，非常值得一游。,2022-09-13,4.0,0,北京,月岛
173624089,50174508,属于河北唐山乐亭三岛之一还是不错的！,2022-11-13,4.0,0,天津,月岛
173556899,6424778,是漂亮的，也很热门，很不错的。,2022-11-09,4.0,0,广东,月岛
175833920,114017442,详情怎么说的，满5人整点及半点开船！结果一堆人两点整也不开！难怪月坨岛差评一堆堆的，服务一点儿跟不上！,2023-05-14,1.0,1,河北,月岛
173884274,62655848,其实我觉得吧总的来说还不错的样子啊！,2022-11-29,3.0,0,黑龙江,月岛
172060508,62655848,其实我觉得吧总的来说还不错吧！,2022-08-11,3.0,0,黑龙江,月岛
178321437,363552195,"因为最低只能打一星
（镰刀抡的飞快，没有逃跑的机会）
（两杯豆浆 两个茶叶蛋 两屉半成品的小包子 收费60元，可以贵，但不能生抢哦）",2023-08-16,1.0,2,河北,月岛
171677241,121462096,山大兽多，还真有人还去唐山旅游🤭,2022-07-22,1.0,1,天津,月岛
171911143,1977655,纯属**，没有任何犹豫的评价,2022-08-03,1.0,0,吉林,月岛
171984125,48025562,服务特别差，物价特别高。没什么好玩的，晚上岛上的夜景还不错，水上木屋中看不中用。周四网上预订的房间，周五1点多到岛上给酒店打电话，竟让找不到订单，没给预留房间，等了1个多小时才拿到房卡，又等了半个多小时房间才打扫完卫生。一碗牛肉面32元，只有2片牛肉。去一次不想去第二次的地方，甚至是去一次都后悔。,2022-08-07,1.0,0,河北,月岛
178187557,39685519,不推荐去，去程坐船快捷，返程等船至少半小时，还得看去岛上的游客情况而定返程船只时间……岛上住宿环境一般……,2023-08-07,1.0,1,河北,月岛
178580035,115151031,"滦州古城位于河北省滦州市古城街道，核心旅游区888亩，一条青龙河水系围绕城中，古城将26个民族编织入明清建筑里，犹如一座北方民俗博物馆，将北方的民俗及契丹文化传承活化
古城内景点颇多，比如东城门迎宾广场、忠义阁、文庙、滦州衙门、接官亭等明清风格中式古典建筑群，“青龙河”、“九龙溪”，北方风格水街古镇，小吃一条街、酒吧一条街、古玩一条街、四合院客栈一条街等
泰白天:
可观看再现杨三姐舞台剧、中国滦州皮影博物馆、乘坐游船、体验名人蜡像馆、鬼屋、观看滦州皮影演出等
夜晚:
观契丹祈福大典演出、沿河小吃街来点儿啤酒、酒吧街感受氛围、乘船看看古城夜景
地址:唐山市滦洲市滦洲路
1、天津自驾约2.5小时，北京自驾约3.5小时
2、北京/天津可乘汽车/火车到达滦洲，随后公交/出租约15分钟到达景区
美食:一定要尝尝唐山传统名吃“郝家火烧”!外焦里嫩，香而不腻
金住宿:建议古城留宿一晚
推荐@栾县半日闲居客栈，图四，很棒的酒店，装修古香古色，位于古城中心，阳台外面就是古塔和游船",2023-08-24,5.0,4,河北,滦州古城
175185733,1358361,"滦州古城位于唐山市滦县滦州镇，距离唐山市区车程约60公里，距秦皇岛市区车程约100公里，是华北一带著名的古城景区。
如今的滦州古城是在原址上重建而来，古色古香，景色优雅，是拍照观景的好去处。古城内店铺和活动都很多，非常热闹，游客来此可以漫步古香街巷、逛特色小店、品尝美食、观看表演，游玩内容丰富。",2023-03-15,5.0,10,四川,滦州古城
178266878,111470434,滦州古城是三千年大河之畔的盛世古城，采撷群山壮丽构筑其骨，掬一捧滦河俊秀勾画其容。将26个民族独特风情织入古老的明清建筑，将千年北方文化融汇进这座梦想乐园。2000亩盛世古城倾情酿筑细腻的北方古街博览区、丰盛的传统民俗旅游区、原生的滦河文化风景区、地道的北方美食朵颐区、悠久的北方文化传承区，本土的宗教文化朝圣区，风情的北方婚庆体验区，正宗的中国古代养生区，缔造最美北方古城。,2023-08-12,5.0,0,天津,滦州古城
179555983,39662652,和大多数古城一样，都是饭店购物店。,2023-10-28,5.0,0,河北,滦州古城
178938977,90900318,位于河北省唐山市滦州市的古城镇，依托滦河水建造的具有特色风情的小镇，河水穿城而过，有一些店家营业,2023-09-11,5.0,2,河北,滦州古城
178827437,27081795,古城商业气息浓郁，环境优美，风景秀丽，购物什么的很方便，有地方特色,2023-09-04,5.0,1,北京,滦州古城
178239357,983093,"【景色】景色宜人，还行，
【趣味】趣味性一般，
【性价比】性价比一般。",2023-08-11,5.0,1,内蒙古,滦州古城
178114818,20928016,滦州古城位于河北省唐山市滦州，古城水系环绕，景色怡人，是休闲游玩的好地方。,2023-08-03,5.0,0,北京,滦州古城
178097005,217731884,历史文化古城给了我们最大的支持，让我们努力保护好文物古迹,2023-08-02,5.0,0,河北,滦州古城
178613311,34757303,不错的地方值得前往，有历史有文化是长知识的好地方,2023-08-27,5.0,0,北京,滦州古城
178568560,31193998,这个地方简直太美了，特别好的园林绿化风格！,2023-08-24,5.0,0,吉林,滦州古城
178160796,17524332,风景优美的一个古镇，可以坐着小船游古镇～,2023-08-06,5.0,0,北京,滦州古城
178138069,273018664,"【景色】不错不错
【趣味】很好很好不错不错",2023-08-04,5.0,0,河北,滦州古城
175717927,31889543,今天第一站滦州古城：早起的鸟儿有虫吃，果不其然，高速上车辆不多，不到九点就到了滦州古城，滦州古城是一个仿古街区，景色不错，有河流增添了几分灵动，商业气息较浓郁，街道两边棋子烧饼，各类烧烤，同质化严重，新意优待提升，古城卫生环境有待改善，虽然有工作人员在清理，但效果不明显，从另一个角度考虑，游客的整体素质更应该提升一下了。在古城逛了文庙，看了皮影戏，吃了郝家火烧，总体感觉不错（后来在唐山一家路边小吃店吃早点，也是吃的火烧味道比这好，肉也多，价格一样），有人说旅游就是从一个你熟悉的城市，到一个别人熟悉的城市，想想也对，开心就好。,2023-05-03,4.0,4,河北,滦州古城
178948484,17358007,景不错，人不多，设施不错，商业化不多,2023-09-12,5.0,0,北京,滦州古城
178729075,166441581,适合全家一起游玩，提现古城的古风古色,2023-08-31,5.0,0,河北,滦州古城
179137020,81931157,这个古城不值得专门为此去一趟，外地人开车专门来此一趟，极为没有意思。就是一个现代建成的，吃饭的一个小城。可以住宿。没有一点儿特色。目前的状况是比较差的。卫生也不是很好。专门为此去一趟，极不值得。,2023-09-26,3.0,0,河北,滦州古城
178759494,340128062,这里景色很不错的，欢迎大家来这里玩,2023-09-02,5.0,0,湖北,滦州古城
178257557,161811952,喜欢古城的古代建筑，让人赞叹不已。,2023-08-12,5.0,0,山东,滦州古城
178565493,174381108,人造古城，有水有城，景色还不错。,2023-08-24,5.0,0,河北,滦州古城
175301362,4785554,滦州古城，具有古朴的风格和现代交融于一体。,2023-03-26,5.0,0,河北,滦州古城
175069453,27081795,景色优美，风景如画，古城很漂亮，照片很漂亮,2023-03-02,5.0,0,北京,滦州古城
175872690,31193998,不错的地方，特别好的环境，超级推荐这个！,2023-05-18,5.0,0,吉林,滦州古城
174938690,85058233,古香古色的美景梦回大唐的感觉值得流连忘返,2023-02-17,5.0,0,河北,滦州古城
171761938,189750871,吃完饭，下起了一阵小雨，我俩赶忙坐4路车回到昌黎火车站。经安检进站，在候车大厅休息。大厅人不多，宽敞又明亮，最大的问题是没有厕所和开水，这实在是令人无法忍受的。,2022-07-26,5.0,0,北京,滦州古城
177667161,107350686,值得一去，尤其是晚上的夜景真的很好看。,2023-07-20,5.0,0,河北,滦州古城
176368170,120999343,古色古香让人怅然若失，穿越的感觉来袭！,2023-06-19,5.0,0,天津,滦州古城
176214322,154254189,滦州古城是个好地方大家可以来体验一下。,2023-06-11,5.0,0,北京,滦州古城
175899775,85058233,家跟前的美景，仿佛回到了唐朝，美丽动人,2023-05-20,5.0,0,河北,滦州古城
175407033,17175735,环境不错，悠闲舒适，适合一家大小游玩。,2023-04-04,5.0,0,广东,滦州古城
174830658,31193998,不错的地方非常好的古城，景色特别有感觉,2023-02-06,5.0,0,吉林,滦州古城
174707987,161811952,看着古城有古老的气息，建筑风格很独特。,2023-01-26,5.0,0,辽宁,滦州古城
177507318,1200071,这里是位于中国大陆北方地区河北省东部唐山市滦州市的一处大型建筑群，滦州古城是当地有名的旅游度假景区，来往的游客很多。,2023-07-08,4.0,0,河北,滦州古城
177481477,17175735,景色优美，环境不错，休闲度假好地方。,2023-07-06,5.0,0,广东,滦州古城
175727332,17524332,非常美的一座古城，可以游船绕城一周～,2023-05-04,5.0,0,北京,滦州古城
176783690,194509054,是一座北方的人文古城，好玩的地方。,2023-06-24,5.0,0,北京,滦州古城
175429549,5450322,春天树绿了，花开了，逛一逛心旷神怡,2023-04-07,5.0,0,河北,滦州古城
175409794,1200071,这里是位于中国大陆北方地区河北省东部唐山市滦州市的一处著名旅游景点，滦州古城是当地有名的古建筑群，来往的游客很多。,2023-04-05,4.0,0,河北,滦州古城
177636260,8285238,挺有特色的古城，环境不错值得一去,2023-07-18,5.0,0,北京,滦州古城
174754968,217731884,历史的机遇总是如此艰难但却充满了希望，一座古城有很多神秘的面纱等待我们去发掘,2023-01-30,5.0,0,河北,滦州古城
177044675,230346104,很好玩，很不错的地方，值得一去，都是名胜古迹，很有意思,2023-06-26,5.0,1,河北,滦州古城
174776634,20928016,滦州古城景色优美，建筑非常漂亮，位于河北省滦县。,2023-02-01,5.0,1,北京,滦州古城
171831670,189750871,"上午9点半，我们离开古城，乘101路回宾馆，10点到宾馆休息。
101路和102路是火车站至滦州古城的环行车，票价2元，乘客很少，经常只有四、五个人，车况很好，下车要按铃，坐这种车挺舒服的。",2022-07-30,5.0,0,北京,滦州古城
175709759,20928016,滦州古城位于河北省唐山市滦州市，古城内建筑很有特色，环境非常好。,2023-05-03,5.0,0,北京,滦州古城
174033309,225266521,这个地方还是不错的，算是唐山不错的一个旅游景点了，消费也不高，很适合夏天的时候来玩，周边也有很多不错的景点！夏天约起来！,2022-12-08,4.0,1,河北,滦州古城
176195140,90900318,很大的一片现代化建设的古城，有条小河从建筑中穿过，值得一看,2023-06-09,5.0,0,河北,滦州古城
175343895,41518121,仿古代建筑，还不错，有感觉。夜景很美,2023-03-30,5.0,1,河北,滦州古城
177167320,7042574,古风古色古香的古典美景，还挺不错的,2023-06-27,5.0,1,北京,滦州古城
175184668,333297808,古城之美，无与伦比，值得去一趟，,2023-03-15,5.0,1,河北,滦州古城
175649908,273018664,"【景色】不错很好
【趣味】很好很好
【性价比】不错很好",2023-04-28,5.0,0,河北,滦州古城
175319361,7042574,春天来了，游览古城美景正当时啦,2023-03-27,5.0,1,北京,滦州古城
174802744,17524332,很美的一座古城，可以坐船游览～,2023-02-03,5.0,1,天津,滦州古城
174673308,273018664,"【景色】不错不错
【趣味】很好看
【性价比】不错不错",2023-01-23,5.0,0,陕西,滦州古城
175382897,110849421,"新建的旅游区，划小船，吃烧烤，看皮影戏
【景色】",2023-04-02,5.0,0,内蒙古,滦州古城
175215092,226998158,"景色不错，值得游览的地方，
【景色】
【性价比】",2023-03-18,5.0,0,河北,滦州古城
177525189,716975,这么近那么美的河北唐山，夏日里的热闹烟火气,2023-07-09,5.0,0,北京,滦州古城
176034973,27081795,景色优美，性价比高，商业气息很浓，值得一行,2023-06-03,5.0,0,北京,滦州古城
172807669,7042574,古风古色古香，步行其中感受历史之美,2022-09-25,5.0,0,北京,滦州古城
171809824,31193998,非常不错的地方，比如散步历史古迹。,2022-07-29,5.0,0,吉林,滦州古城
171782455,85058233,美丽的地方，古老的风景，穿越的故事,2022-07-27,5.0,0,河北,滦州古城
173443361,85058233,美丽的地方美丽的风景各式各样美景,2022-11-02,5.0,0,河北,滦州古城
173212976,17524332,很美的一座古镇，挺大的，能玩一天,2022-10-20,5.0,0,北京,滦州古城
172509478,83710901,景色秀丽，趣味十足，性价比不错！,2022-09-04,5.0,0,北京,滦州古城
171732625,244188085,不错。。。。。。。。。。。。。。,2022-07-25,5.0,0,天津,滦州古城
174383863,8285238,很有特色，古城很美，值得一去。,2022-12-29,5.0,0,北京,滦州古城
172749216,157236580,古色古香挺有意境，可以游玩一下,2022-09-21,5.0,0,辽宁,滦州古城
172594840,154254189,名胜古迹，历史建筑，值得一看。,2022-09-10,5.0,0,北京,滦州古城
173880293,217656209,这里景色宜人，环境幽雅，空气清新，性价比高，价格合适，服务挺好的，小吃也不错的，欢迎亲们光临啊！,2022-11-29,5.0,0,江苏,滦州古城
175678997,217731884,还是可以的，景色没有想象中那么美好，但民风淳朴啊，可以,2023-05-01,4.0,0,河北,滦州古城
173393761,20928016,滦州古城位于河北省唐山市滦州市古城街道，26个民族风情融入古老的明清建筑，是一座盛世古城。,2022-10-31,5.0,0,北京,滦州古城
175037820,237721328,"【景色】还不错
【趣味】可以吧
【性价比】还行",2023-02-27,4.0,0,河北,滦州古城
177235341,3615625,山水园林，非常美丽，值得去看看啊,2023-06-28,4.0,0,河北,滦州古城
172308307,90900318,中国人心中的圣地，只要站在广场上，就会有无穷的自豪感,2022-08-24,5.0,1,河北,滦州古城
175315278,3615625,风景怡人的好地方，值得去看看啊,2023-03-27,4.0,0,河北,滦州古城
174510079,5450322,北方风格水街古镇，小吃一条街、古玩一条街都挺不错,2023-01-06,5.0,1,河北,滦州古城
173300210,171909178,滦州古城是个非常好玩的地方，古色古香的建筑群，小桥流水，值得一去,2022-10-25,5.0,0,河北,滦州古城
172757682,161811952,"很喜欢去一
【趣味】些古城游玩，对那些古老的建筑风格也是比较喜欢！",2022-09-21,5.0,0,辽宁,滦州古城
171915941,27081795,古城景色优美，历史遗迹众多，游览有秩序，里面商场不少，逛逛还不错,2022-08-04,5.0,0,北京,滦州古城
171904855,149037333,风景秀丽，是个游玩的好去处。带上孩子，老人一起转一圈，太惬意了,2022-08-03,5.0,0,山东,滦州古城
174073368,154254189,很有特色的一个地方，大家可以来体验一下。,2022-12-10,5.0,1,北京,滦州古城
176040457,111470434,滦州古城位于河北省唐山市滦州市。滦州古城是三千年大河之畔的盛世古城，采撷群山壮丽构筑其骨，掬一捧滦河俊秀勾画其容。将26个民族独特风情织入古老的明清建筑，将千年北方文化融汇进这座梦想乐园。晚上灯火阑珊小桥流水有江南水乡之美。,2023-06-04,5.0,1,河北,滦州古城
175276006,111470434,滦州古城位于唐山市境内，是三千年大河之畔的盛世古城，采撷群山壮丽构筑其骨，掬一捧滦河俊秀勾画其容。将26个民族独特风情织入古老的明清建筑，将千年北方文化融汇进这座梦想乐园。特色美食一条街，坐在小河边听着音乐吃着美食，看着美景。,2023-03-23,5.0,1,河北,滦州古城
175230551,111470434,滦州古城复原千载历史古迹：古城门、杨三姐告状的老县衙、钟鼓楼、接官亭、古戏台、风雨桥、滦州阁、和园、文姬楼等盛世建筑，展现遥不可及、难以清晰领会的历史印象， 取其神韵，结合现实。融汇南方水文化，修建滨水而居集文化、旅游、商业、会务、居住、休闲为一体。,2023-03-19,5.0,1,河北,滦州古城
175415461,580190,就在古城入口，对于这个古城这个地方而言，就算不错了。随便逛逛，乐呵乐呵，还能体验下当年唐山大地震,2023-04-05,5.0,0,天津,滦州古城
172206173,48332440,滦州古城深研滦州千百年悠久历史，截取三千年历史烟云中最鼎盛时代的精华，采撷极具民族融合特色的建筑艺术，盛世景象，水绕古城，繁华街市宛如积淀千年的历史长河，每一步都在领略盛世时代煌煌风韵。,2022-08-18,5.0,1,山东,滦州古城
176305266,745456,滦州古城位于河北省唐山市滦州市古城街道，是一座三千年的古城，如今已经成为环渤海旅游圈的明星游览胜地，值得体验！,2023-06-16,5.0,1,四川,滦州古城
171998120,189750871,到滦县火车站后，我们先进站在候车室歇了一会儿，又到马路边坐了一会儿，5点多去站边的“天天粥屋”吃晚饭。因为中午吃的太饱了，晚饭每人只喝了一碗粥。还买了两个豆包带了回来，一共11元。这个饭馆很宽敞，有洗手间和热水。要知道滦县火车站和昌黎火车站一样，也是没有厕所和热水的。,2022-08-08,5.0,1,北京,滦州古城
177570944,61329476,拥有历史的底蕴和丰富文化的发展潜力就是很大的优势，能够利用更重要呀,2023-07-13,5.0,1,河北,滦州古城
180298751,238693927,如果不计较是赝品古城的话可以去，就当逛街，除了极少数砖头瓦块，里边就跟“古”字不沾边了，我是古冶的，了解这个赝品古城的底细！,2024-01-06,1.0,0,河北,滦州古城
175534295,2426709,2023.04.16天气晴。唐山年卡打卡第一天。感觉一般般！,2023-04-17,3.0,1,河北,滦州古城
172255163,189750871,滦州蜜瓜，是滦县另一特产。以其皮薄、个大、入口沙甜、易于保管闻名京津，被誉为“蜜瓜之乡”。滦州蜜瓜种植始于辽代。据传辽太祖耶律阿保机建滦之始，考察南部沙地较多，且光照时间长，昼夜温差大，适应蜜瓜种植。,2022-08-21,5.0,0,北京,滦州古城
175043962,90900318,位于唐山市滦州市的一座古城，虽然都是后建造的仿古建筑，但是还是有一定的游玩价值,2023-02-28,5.0,0,河北,滦州古城
172942064,1200071,这里是位于中国大陆北方河北省北部唐山市滦州的一座古城，滦州古城位于滦河旁边，是当地著名的旅游景点。,2022-10-03,4.0,0,河北,滦州古城
174494807,1200071,这里是位于中国大陆北方河北省东部唐山市滦州市的一处大型旅游景点，滦州古城内部有很多仿古建筑物。,2023-01-04,4.0,0,河北,滦州古城
175530389,62655848,其实我觉得吧总的来说还不错呢！,2023-04-16,3.0,0,黑龙江,滦州古城
174358101,237721328,"【景色】重建的古城
【趣味】还不错
【性价比】凑合吧",2022-12-27,4.0,1,河北,滦州古城
173366398,237721328,"【景色】很有特色，古香古色
【趣味】还不错
【性价比】可以吧",2022-10-29,4.0,0,河北,滦州古城
172951591,61329476,环境保护的还是可以的，虽没有知名的景点那样，但也很不错哦,2022-10-04,4.0,0,河北,滦州古城
172458726,149565566,景色很不错，值得去的地方，有空的时候可以去看看走走玩玩,2022-09-01,4.0,0,河北,滦州古城
172609230,237721328,"【景色】古色古香，还不错
【趣味】可以吧
【性价比】一般",2022-09-11,4.0,0,河北,滦州古城
174539511,61329476,城市有一点破旧，看不到他原本的模样，社会发展太快了,2023-01-09,4.0,0,河北,滦州古城
173372608,149565566,"【景色】不错
【趣味】不错
有很多的小吃和优美的景色",2022-10-29,4.0,0,河北,滦州古城
173997067,31024605,"【景色】不错，
【趣味】不错，
【性价比】不错。",2022-12-06,4.0,0,天津,滦州古城
173641164,50174508,是一做历史与现实生活的文化之城,2022-11-14,4.0,0,天津,滦州古城
172454813,31024605,"【趣味】可以，
【性价比】可以。",2022-09-01,4.0,0,江苏,滦州古城
178097515,2162638,滦州古城还可以，挺热闹的地方。,2023-08-02,5.0,0,辽宁,滦州古城
177760914,182326811,周边旅游目的地之一，古色古香。,2023-07-26,5.0,0,河北,滦州古城
177707420,41518121,可以去看看，性价比还是可以的。,2023-07-23,5.0,0,河北,滦州古城
174965512,366096918,滦州古城深研滦州千百年悠久历史，详读华夏民族南北融合之美，以研山为骨，以滦水为魂，以人文为韵，以绿林为脉，开发滦州古城并将其打造国家级135—140天景区。52亿元巨资兴建滦州古城，气势非凡。2000余亩占地，兴北方盛世之风，载千古圣贤至高品格,2023-02-20,5.0,1,江苏,滦州古城
174773781,284718272,去年夏天去了一趟，正赶上下雨 住了一宿古香古色的客栈，就在环城河边 趁着灯光 下着小雨，真是太美了。雨停之后坐了夜游船，河上有花船演出 还可以近距离打招呼。可惜不能传多个视频。是个“北方平价小江南”,2023-01-31,5.0,1,河北,滦州古城
178226047,314718260,现代的建筑，古时候的风格，自己体会吧,2023-08-10,4.0,0,广东,滦州古城
177779787,186247143,唐山市东边，算是唐山旅游的一个选择。还可以吧，但特色不足，比较同质化，都是那一套，简单转转即可。,2023-07-28,3.0,0,河北,滦州古城
174965079,196837749,滦州古城，位于河北省唐山市滦县滦州镇。三千年大河之畔的盛世古城，采撷群山壮丽构筑其骨，掬一捧滦河俊秀勾画其容。将26个民族独特风情织入古老的明清建筑，,2023-02-20,5.0,1,江苏,滦州古城
178533803,62655848,其实我觉得吧总的来说还不错呢！！！,2023-08-21,3.0,0,黑龙江,滦州古城
172283847,226998158,滦州古城，景色有古老城市的风范，民宿挺好，值得游览，不错不错,2022-08-22,5.0,0,河北,滦州古城
173863090,90900318,仿造古城结构建设的一个古城，有水从中流过，值得一去的地方,2022-11-28,5.0,0,河北,滦州古城
173468883,27081795,景色优美，古香古色的古城，商业文化比较重，感受历史的气息,2022-11-04,5.0,0,北京,滦州古城
174486976,17175735,环境不错，景色优美，值得一去。,2023-01-04,5.0,1,广东,滦州古城
173345865,217731884,有历史底蕴的地方给人不一样的感觉，努力提升城市形象,2022-10-28,5.0,0,河北,滦州古城
173221985,273018664,"【景色】不错不错
【趣味】很好很好
【性价比】不错不错",2022-10-20,5.0,0,河北,滦州古城
172394967,261594252,这里值得一游，古迹，建筑很有特色，增加不少见识,2022-08-28,5.0,0,浙江,滦州古城
174606088,4769272,景色宜人，风景如画，古香古色，宛如穿越一般,2023-01-16,5.0,0,河北,滦州古城
174517112,23043471,滦洲古城建筑挺漂亮👍👍👍👍👍👍,2023-01-06,5.0,0,天津,滦州古城
172925832,487578,适合避暑的好地方，古城很有特色，适合休闲游,2022-10-02,5.0,0,上海,滦州古城
175639358,161811952,古城文化底蕴深厚，历史文化悠久。,2023-04-27,5.0,0,贵州,滦州古城
174968634,174381108,虽然不是真的古城 ，但也很有意境。,2023-02-21,5.0,0,河北,滦州古城
175919644,174381108,人工打造，模仿江南，很有意境。,2023-05-23,5.0,0,河北,滦州古城
175627125,182326811,有时间可以周边转转，东西一般。,2023-04-26,5.0,0,北京,滦州古城
175594460,4397266,滦州古城是一个休闲娱乐的好地方,2023-04-23,5.0,0,河北,滦州古城
175447695,8285238,挺不错的，环境优美，真心不错。,2023-04-09,5.0,0,山东,滦州古城
175426075,7081136,这里风景真不错，这里风景真不错,2023-04-06,5.0,0,浙江,滦州古城
175148240,154254189,不错的地方大家可以来体验一下。,2023-03-11,5.0,0,北京,滦州古城
179080327,37905864,几年前来过，印象还不错，古香古色。这次带小孩再来失望至极，景区管理极差，垃圾桶堆满散发恶臭，浓重的商业气息，别管古北水镇还是凤凰古城都有宵禁，滦州古城这里十一点了还有人在唱歌，对于住在中心地带并且带小孩根本无法休息。唯一欣慰的是有些商户物价良心招呼热情，景区不收门票，停车方便。,2023-09-23,2.0,0,河北,滦州古城
171832279,20928016,滦州古城位于河北省唐山市滦县，古老的明清建筑，与民族风情交织，占地200多亩，国家AAAA级景区。值得细细品味。,2022-07-30,5.0,0,北京,滦州古城
175126642,201340936,"先说这个古城，是拆迁了当地几个村后新修的，基本没有可以称得上是古迹的建筑，真正以前的老滦县县城在这片街区的南边，还没有大量开发。
里边街道本身就是仿古小吃街，如果不考虑真迹，只是当个感受古风古韵的地方还是可以的，毕竟进城不收门票，而且那个塔和河道的设计确实不错，的确有很多能拍出好照片的角度。
总而言之，来这儿旅游，心态上当北方的横店就行了。

⚠️⚠️⚠️⚠️⚠️警告！！⚠️⚠️⚠️⚠️⚠️警告！！⚠️⚠️⚠️⚠️⚠️
古城东门旁边有个文庙，一进门说好一根红带子十块钱，然后不由分说就拉人坐下在带子上写字念叨，念叨完了张嘴就要几百香火钱，简直就是匪窝。孔夫子一生不语怪力乱神，收徒传道受业也就几条肉干，倘若天上有知，看到自己的庙盘踞着这种东西，不知该作何感想。
这个文庙，以及对面的武庙，还有中轴线上的月老祠，都是这类存在，进门给你免费香不要拿，实在想进去看看就拍完照就走，不要和里面的人接触攀谈，被缠上了很麻烦很麻烦。这里也希望滦州古城官方能够整顿一下，还游客一个安心旅游的环境。",2023-03-08,2.0,7,北京,滦州古城
175828207,3226404,商业开发建设的文旅小镇，可以去逛逛，物价还可以，不算太贵。,2023-05-13,4.0,0,北京,滦州古城
174836322,149565566,景色优美值得去的地方，夜景现在也很不错,2023-02-06,4.0,1,河北,滦州古城
171740706,344102253,非常不错古香古色的还有水系 还有古塔 去过两次了 从天津出发几乎都是高速 下高速有一段修路体验非常差劲😂,2022-07-25,5.0,0,天津,滦州古城
175459101,61329476,岁月的变迁没有给这座古城带来更多的惊喜，社会发展太快了吗,2023-04-10,4.0,0,河北,滦州古城
172566590,5450322,还是前几年去的，觉得挺不错，现在应该更好了,2022-09-08,5.0,0,河北,滦州古城
171706734,8903616,这里环境卫生干净整洁，非常值得一去的地方。,2022-07-23,5.0,0,山西,滦州古城
174324922,7042574,风景秀丽，古香古色，适合三五好友休闲饮茶,2022-12-25,5.0,0,北京,滦州古城
172240067,207800841,不错不错不错不错不错不错不错不错不错不错不错不错不错不错不错不错不错不错不错不错不错不错不错不错不错不错不错不错不错不错不错不错不错不错不错不错不错不错不错不错不错不错不错不错不错不错不错不错不错不错不错不错不错,2022-08-20,3.0,0,河北,滦州古城
172609711,106506918,去年去过一次，那里的晚上的夜景很漂亮。,2022-09-11,5.0,0,北京,滦州古城
171911253,70931907,"【景色】不错
【趣味】不错
【性价比】不错",2022-08-03,5.0,0,北京,滦州古城
174537800,8221017,好一座古城！好一片风光，好一片人文！,2023-01-09,5.0,0,湖北,滦州古城
173671311,25490231,以契丹文化为主导，复原上河图不夜盛景,2022-11-16,5.0,0,甘肃,滦州古城
172927949,17175735,景色优美！环境舒适宜人！😀😀😀,2022-10-02,5.0,0,广东,滦州古城
173424558,31193998,不错的地方，特别好的环境，超级喜欢,2022-11-01,5.0,0,吉林,滦州古城
173135593,4769272,古香古色，宛如穿越一般，北方的水乡,2022-10-15,5.0,0,河北,滦州古城
174898116,3310927,"毫无古迹可言，完全是平地起了几条商业街，妥妥的人造景观。二月份来的，餐饮都没开，大面积贴的出租出售的房产商铺，估计夏天来最多是个图热闹吃饭的地方，还大多是烧烤，空气质量可想而知。不可能再来，幸亏只是路过。
【景色】
【趣味】
【景色】",2023-02-13,1.0,1,河北,滦州古城
172113007,84014222,回来一肚子火，古城离唐山市区很近，一直想带孩子去看看，其实已经做好心里准备，可没想到却如此糟糕，，说是古城，就像唐山新街差不多，一半店铺都是出租出售，里面就是卖小吃的那么一个地方，一个字，贵贵贵，两个字难吃，难吃，难吃，不去后悔一辈子，去了后悔十辈子，怎么会有这么一个破地方，,2022-08-14,1.0,0,河北,滦州古城
172138486,414734988,看了图片惊讶于昔日的古城居然有如此风光的时候，现在却已经破败没落了。好多店铺都不干了，船呀水呀也没了，很多以前有的项目都没了，让人心里还有点唏嘘。,2022-08-15,2.0,0,河北,滦州古城
176025858,93726715,不收门票，但是很小，也没什么特点,2023-06-02,2.0,1,天津,滦州古城
174815418,234772585,这个季节去体验十分差劲，基本上全是喇叭里的广告声。套圈，沙包，臭豆腐等声音不绝于耳，严重影响在里面的体验。虽然没有门票，但感觉往返一百多公里去那里十分不值。,2023-02-04,1.0,0,河北,滦州古城
172217255,83429324,清晨，细雨蒙蒙，古城平静，漫步在河道两旁，小桥流水、河道蜿蜒、河柳低垂、明清建筑，仿佛到了江南，此时若有个小船穿过，若再传来琴声……,2022-08-19,2.0,1,北京,滦州古城
174412248,62655848,其实我觉得吧总的来说还不错吧台！,2022-12-30,3.0,0,黑龙江,滦州古城
172866394,62655848,其实我觉得吧总的来说还不错吧！,2022-09-29,3.0,0,黑龙江,滦州古城
175043126,149565566,很不错的选择前几年去过几次祈福的人很多,2023-02-28,4.0,0,河北,景忠山
173472775,20928016,景忠山峰峦叠嶂，景色宜人，空气清新，是登山赏景，放松身心的好地方。,2022-11-04,5.0,0,北京,景忠山
173840421,273018664,"【景色】不错不错不错
【趣味】很好很好很好
【性价比】不错不错，",2022-11-26,5.0,0,河北,景忠山
173467718,41518121,烧香拜佛的地方，没有可以观赏的景观，爬到上面要2个小时,2022-11-04,5.0,0,河北,景忠山
172553662,226998158,历史悠久的名山，景色不错，非常值得游览，不错不错不错,2022-09-07,5.0,0,河北,景忠山
172247082,273018664,"【景色】不错不错
【趣味】很好很好
【性价比】不错不错",2022-08-20,5.0,0,河北,景忠山
171914701,85058233,名山大川风景如画高山绿树忒美啊,2022-08-03,5.0,1,河北,景忠山
172638881,226998158,景色不错，非常值得游览，特别喜欢的地方，不错不错,2022-09-13,5.0,0,河北,景忠山
173619935,154254189,很不错的地方，大家可以找空可以来看看,2022-11-13,5.0,0,北京,景忠山
172231819,73523519,地方不错，周末有时间可以去看看。,2022-08-20,5.0,0,河北,景忠山
172038792,5450322,国家4A景区，非常的不错哦。。。,2022-08-10,5.0,0,河北,景忠山
171704432,244188085,不错。。。。。。。。。。。。。。,2022-07-23,5.0,0,天津,景忠山
172065312,154254189,挺不错的地方，大家可以来看看。,2022-08-11,5.0,0,河北,景忠山
173064862,1200071,这里是位于中国大陆北方河北省唐山市迁西县北边的一处著名旅游景点，在当地这里很有名气山上还有一座寺庙。,2022-10-11,4.0,0,河北,景忠山
174565133,1200071,这里是位于中国大陆北方河北省东部唐山市迁西县的一处大型旅游景点，这里山上还有寺庙，游客很多。,2023-01-11,4.0,0,河北,景忠山
174483241,237721328,"【景色】风景不错，山顶有寺庙
【趣味】挺好的
【性价比】还行吧",2023-01-03,4.0,0,河北,景忠山
172457639,237721328,"【景色】山挺高，上有寺庙
【趣味】挺好的
【性价比】还行吧",2022-09-01,4.0,0,河北,景忠山
172754188,149565566,景色不错，爬爬山看看大好河山，轻松愉快的一天,2022-09-21,4.0,0,河北,景忠山
175045538,273018664,"【景色】不错不错
【趣味】很好不错
【性价比】很好不错",2023-02-28,5.0,0,河北,景忠山
176384674,273018664,"【景色】不错不错
【趣味】很好很好
【性价比】还可以",2023-06-19,5.0,0,河北,景忠山
175990598,41518121,爬山就要3个小时，上面什么都没有，就是一个字累,2023-05-30,5.0,0,河北,景忠山
175531072,85058233,美丽的地方。风景很美，高山流水美吧胜收,2023-04-16,5.0,0,河北,景忠山
177566452,1200071,这里是位于中国大陆北方地区河北省东部唐山市迁西县境内的一座山，是当地著名旅游度假景区，山上还有寺庙，来往的游客很多。,2023-07-12,4.0,0,河北,景忠山
175832450,154254189,很不错的地方大家可以来体验一下。,2023-05-14,5.0,0,北京,景忠山
175996977,174381108,佛教圣地。信徒众多，景色宜人。,2023-05-31,5.0,0,河北,景忠山
174905113,154254189,很不错的地方，大家都来看看吧。,2023-02-14,5.0,0,北京,景忠山
175481125,1200071,这里是位于中国大陆北方地区河北省东部唐山市迁西县的一处著名旅游景点，这座山是当地有名的地方，来往的游客很多。,2023-04-12,4.0,0,河北,景忠山
174499419,5450322,景忠山现为国家AAAA级景区、省级文物保护单位、省级森林公园、省级风景名胜区、河北最美30景、唐山八景。值得去哦,2023-01-05,5.0,1,河北,景忠山
175484548,237721328,"【景色】山上有寺庙，古色古香，树木很茂盛
【趣味】挺好的
【性价比】还行吧",2023-04-12,4.0,0,河北,景忠山
174904978,237721328,"【景色】很不错，山顶有古寺，很高
【趣味】每年庙会很热闹
【性价比】还行吧",2023-02-14,4.0,0,河北,景忠山
171911191,20928016,景忠山位于河北省迁西县，海拔610米，是宗教圣地。清康熙帝曾御提天下名山。苍松蔽日，峡谷清幽，云雾飘渺。,2022-08-03,5.0,0,北京,景忠山
172415168,284856714,"唐山附近最值得去的山，小伙伴们有机会一定要多爬爬山
【性价比】",2022-08-29,5.0,0,河北,景忠山
175190339,27787903,景色不错，但是管理混乱，游客中心门口的开放式空地停车一口价10元，骑车大姨过来让你交费。早上景区门口一堆卖香的小贩，会骗你说山上香贵，不要请香！请了也不让带入景区，带到景区了大殿里也不让上自带香，殿里提供免费香火，祈福供奉香烛之类才单独收费。景区现在不收门票，直接进门就行，没人检票没人验票完全敞开。总结一句：不用请香，不用买票！,2023-03-15,2.0,0,河北,景忠山
178878475,90900318,位于河北省唐山市迁西县的一座名山，这里是烧香拜佛的好去处，这里有美丽的风景，辉煌的庙宇,2023-09-09,5.0,0,河北,景忠山
178248388,20928016,景忠山位于河北省唐山市，景色很美，是健身登山的好地方，空气清新。,2023-08-11,5.0,0,北京,景忠山
178301322,154254189,这是一个很不错的地方大家可以来体验一下。,2023-08-15,5.0,0,北京,景忠山
178740648,174381108,景色很美，上香求佛保佑的很多。,2023-09-01,5.0,0,河北,景忠山
174954941,196837749,景忠山旅游区位于迁西县三屯营镇。据县志记载，景忠山旧有二名，南曰明山，北曰阴山。明天顺年间，蓟镇总兵府移驻三屯营时，曾按前朱雀、后玄武、左青龙、右白虎的分法，给此山改名为朱雀山。后因山中建有“三忠祠”，人们取景仰忠义之意，又将此山更名为“景忠山”,2023-02-19,5.0,3,江苏,景忠山
174955027,366096918,景忠山宗教文化博大精深，源远流长。据史料记载，自宋代开始，就有道士于景忠山之阳清修，千百年来一直香火不断。明朝后期，以民族英雄戚继光为代表的一批戍边将领，以山言志，修葺庙宇。,2023-02-19,5.0,1,江苏,景忠山
178280515,72644017,玩的很愉快,2023-08-13,5.0,0,河北,景忠山
175788717,226998158,"景色不错，性价比很高的地方，挺好的啊，
【景色】
【趣味】
【性价比】",2023-05-09,5.0,0,河北,景忠山
174818987,20928016,景忠山景区空气清新，植被种类很多，景色优美。,2023-02-05,5.0,1,北京,景忠山
175309755,226998158,"景色不错，性价比很高的地方，值得游览
【景色】
【趣味】
【性价比】",2023-03-26,5.0,0,河北,景忠山
175043895,41518121,烧香拜佛的地方，爬上去要2—3个小时，累,2023-02-28,5.0,1,河北,景忠山
175010150,174381108,佛教圣地，景色优美求香拜佛的好去处。,2023-02-25,5.0,1,河北,景忠山
175790462,20928016,景忠山景色优美，空气清新，适合放松身心，感受大自然。,2023-05-09,5.0,0,北京,景忠山
174449628,220042107,爬山让人舒服，,2023-01-01,5.0,0,河北,景忠山
172490999,184828254,没有全部正式开放，艰难登顶，大殿未正式开放。,2022-09-03,4.0,0,云南,景忠山
172463000,3922142,景色非常不错，确实挺好，值得一去，挺好的,2022-09-01,3.0,0,辽宁,景忠山
